[{"id":"0","name":"Select Dealer"},{"id":63,"name":"ABSOLUTE AUTO"},{"id":50,"name":"ACE TRADE LINK"},{"id":2,"name":"AIT PULCHOWK"},{"id":1,"name":"AIT THAPATHALI"},{"id":64,"name":"Auto Bazzar"},{"id":55,"name":"AUTO MART INTERNATIONAL"},{"id":43,"name":"AUTO SOLUTION"},{"id":42,"name":"BATAS BROTHERS "},{"id":36,"name":"BIG CAT INTERNATIONAL"},{"id":49,"name":"BRB MOTORS CORP PVT. LTD."},{"id":48,"name":"BRN BROTHERS"},{"id":59,"name":"CARMANDU MOTORS PVT. LTD"},{"id":71,"name":"CG MOTOCORP"},{"id":58,"name":"CHANDESHWORI AUTO MART"},{"id":54,"name":"GAJURMUKHI TRADE"},{"id":61,"name":"GBS TRADING & COMPANY PVT. LTD."},{"id":46,"name":"GORKHALI TRADE & SUPPLIERS"},{"id":34,"name":"JP MOTORS  PVT LTD"},{"id":70,"name":"K.D. AUTOMOBILES PVT. LTD."},{"id":60,"name":"KAPURI BROTHERS"},{"id":37,"name":"KARMACHARYA AUTO"},{"id":47,"name":"KISAN TRADING CONCERN"},{"id":39,"name":"KOSHI AUTO PVT. LTD"},{"id":44,"name":"MEGA MOTORS PVT. LTD."},{"id":57,"name":"NARAYANI AUTO BUSINESS PVT. LTD."},{"id":40,"name":"NIRMAL HIMAL TRADE PVT.LTD"},{"id":62,"name":"PARAMDU MOTORS "},{"id":52,"name":"RAM JANAKI"},{"id":45,"name":"RATNALAXMI INTERNATIONAL PVT. LTD"},{"id":51,"name":"RL MOTORS"},{"id":56,"name":"SAGARMATHA AUTOMOBILES"},{"id":53,"name":"SHERMAN AUTO LINK"},{"id":38,"name":"SHREE MANGALAM ENTERPRISES"},{"id":41,"name":"SWARGADWARI AUTO DISTRIBUTORS"},{"id":35,"name":"UNITED SAI MOTORS PVT. LTD"}]