[{"id":"0","name":"Select District"},{"id":89,"name":"Achham"},{"id":71,"name":"Arghakhanchi"},{"id":65,"name":"Baglung"},{"id":94,"name":"Baitadi"},{"id":88,"name":"Bajhang"},{"id":87,"name":"Bajura"},{"id":77,"name":"Banke"},{"id":53,"name":"Bara"},{"id":78,"name":"Bardiya"},{"id":46,"name":"Bhaktapur"},{"id":30,"name":"Bhojpur"},{"id":55,"name":"Chitawan"},{"id":93,"name":"Dadeldhura"},{"id":80,"name":"Dailekh"},{"id":76,"name":"Dang"},{"id":95,"name":"Darchula"},{"id":50,"name":"Dhading"},{"id":27,"name":"Dhankuta"},{"id":37,"name":"Dhanusa"},{"id":42,"name":"Dolakha"},{"id":82,"name":"Dolpa"},{"id":90,"name":"Doti"},{"id":56,"name":"Gorkha"},{"id":66,"name":"Gulmi"},{"id":86,"name":"Humla"},{"id":23,"name":"Ilam"},{"id":81,"name":"Jajarkot"},{"id":24,"name":"Jhapa"},{"id":83,"name":"Jumla"},{"id":91,"name":"Kailali"},{"id":84,"name":"Kalikot"},{"id":92,"name":"Kanchanpur"},{"id":70,"name":"Kapilbastu"},{"id":60,"name":"Kaski"},{"id":47,"name":"Kathmandu"},{"id":44,"name":"Kavrepalanchok"},{"id":33,"name":"Khotang"},{"id":45,"name":"Lalitpur"},{"id":57,"name":"Lamjung"},{"id":38,"name":"Mahottari"},{"id":51,"name":"Makwanpur"},{"id":61,"name":"Manang"},{"id":25,"name":"Morang"},{"id":85,"name":"Mugu"},{"id":62,"name":"Mustang"},{"id":63,"name":"Myagdi"},{"id":68,"name":"Nawalparasi"},{"id":48,"name":"Nuwakot"},{"id":32,"name":"Okhaldhunga"},{"id":67,"name":"Palpa"},{"id":22,"name":"Panchthar"},{"id":64,"name":"Parbat"},{"id":54,"name":"Parsa"},{"id":72,"name":"Pyuthan"},{"id":41,"name":"Ramechhap"},{"id":49,"name":"Rasuwa"},{"id":52,"name":"Rautahat"},{"id":73,"name":"Rolpa"},{"id":74,"name":"Rukum"},{"id":69,"name":"Rupandehi"},{"id":75,"name":"Salyan"},{"id":29,"name":"Sankhuwasabha"},{"id":35,"name":"Saptari"},{"id":39,"name":"Sarlahi"},{"id":40,"name":"Sindhuli"},{"id":43,"name":"Sindhupalchok"},{"id":36,"name":"Siraha"},{"id":31,"name":"Solukhumbu"},{"id":26,"name":"Sunsari"},{"id":79,"name":"Surkhet"},{"id":59,"name":"Syangja"},{"id":58,"name":"Tanahu"},{"id":21,"name":"Taplejung"},{"id":28,"name":"Terhathum"},{"id":34,"name":"Udayapur"}]