[{"id":"0","name":"Select"},{"id":1,"name":"Pending"},{"id":2,"name":"Confirmed"},{"id":3,"name":"Booked"},{"id":4,"name":"Quotation Issued"},{"id":5,"name":"Reject Before Doc Completion"},{"id":6,"name":"Document Complete"},{"id":7,"name":"Reject After Doc Completion"},{"id":8,"name":"DO Approval"},{"id":9,"name":"Vehicle Delivery with DO"},{"id":10,"name":"Vehicle Delivery without DO"},{"id":11,"name":"Waiting for DO"},{"id":12,"name":"Ownership Transfer"},{"id":13,"name":"Send for Payment"},{"id":14,"name":"Payment Received"},{"id":15,"name":"Retail"},{"id":16,"name":"Lost"},{"id":17,"name":"Cancel"},{"id":18,"name":"Closed"}]