[{"id":"0","name":"Select"},{"id":1,"name":"5 SEAT\/AC"},{"id":2,"name":"7 SEATER"},{"id":3,"name":"ALPHA"},{"id":4,"name":"DELTA"},{"id":5,"name":"LDI"},{"id":6,"name":"LDI (O)"},{"id":7,"name":"LX"},{"id":8,"name":"LXI"},{"id":9,"name":"SIGMA"},{"id":10,"name":"STD"},{"id":11,"name":"VDI"},{"id":12,"name":"VDI (O)"},{"id":13,"name":"VXI"},{"id":14,"name":"VXI AMT"},{"id":15,"name":"VXI+"},{"id":16,"name":"ZDI"},{"id":17,"name":"ZDI +"},{"id":18,"name":"ZDI + Dual"},{"id":19,"name":"ZETA"},{"id":20,"name":"ZXI"},{"id":21,"name":"ZXI(O)"}]