[{"id":"0","name":"Select"},{"id":1,"name":"ALP BLUE (Z6Q)"},{"id":2,"name":"AUTUMN ORANGE (Z8Q)"},{"id":3,"name":"BAKERS CHOCLATE (ZNV)"},{"id":4,"name":"BLAZING RED (ZTF)"},{"id":5,"name":"BLAZING RED + MIDNIGHT BLACK (CEF)"},{"id":6,"name":"CAFFEINE BROWN (ZTL)"},{"id":7,"name":"CERULEAN BLUE (ZQA)"},{"id":8,"name":"CERULEAN BLUE + ARCTIC WHITE (CEG)"},{"id":9,"name":"CLEAR BEIGE (ZDK)"},{"id":10,"name":"DIGNITY BROWN (ZQK)"},{"id":11,"name":"DRAZLING RED (ZNW)"},{"id":12,"name":"DRAZLING RED (ZHQ)"},{"id":13,"name":"DUSKY BROWN (ZRB)"},{"id":14,"name":"ECRU BEIGE (ZPY)"},{"id":15,"name":"FIERY YELLOW (ZWF)"},{"id":16,"name":"FIERY YELLOW + ARCTIC WHITE (CEH)"},{"id":17,"name":"FIRE RED (Z4Q)"},{"id":18,"name":"FROST BLUE (ZFQ)"},{"id":19,"name":"GLISTENING GREY (ZNZ)"},{"id":20,"name":"GRANITE GREY (ZTN)"},{"id":21,"name":"HARVEST GREEN (56H)"},{"id":22,"name":"MAGMA GREY (Z7Q)"},{"id":23,"name":"MIDNIGHT BLACK (ZAM)"},{"id":24,"name":"MYSTERIOUS VIOLET (Z5Q)"},{"id":25,"name":"PARADISE BLUE (ZKY)"},{"id":26,"name":"PEARL BLUE (ZNY)"},{"id":27,"name":"PEARL METALLIC ARCTIC WHITE (ZHJ)"},{"id":28,"name":"PREMIUM SILVER (ZQS)"},{"id":29,"name":"PREMIUM URBAN BLUE (ZQT)"},{"id":30,"name":"PRIME PACIFIC BLUE (ZTH)"},{"id":31,"name":"RAY BLUE (Z9Q)"},{"id":32,"name":"SANGRIA RED (ZQL)"},{"id":33,"name":"SERENE BLUE (ZTM)"},{"id":34,"name":"SILKY SILVER (Z2S)"},{"id":35,"name":"SNOW WHITE (ZQM)"},{"id":36,"name":"SUNSHINE RAY (ZQB)"},{"id":37,"name":"SUPERIOR WHITE (26U)"},{"id":38,"name":"TANGO ORANGE (Z2Q)"},{"id":39,"name":"TORQUE BLUE (ZTG)"}]