[{"id":"0","name":"Select"},{"id":1,"name":"Standard Chartered (SCBL)"},{"id":2,"name":"NIC Asia (NIC Asia)"},{"id":3,"name":"NMB Bank (NMB)"},{"id":99999,"name":"Others (Others)"},{"id":100000,"name":"Everest Bank (EBL)"},{"id":100001,"name":"Mega bank (MBL)"},{"id":100002,"name":"Machhapuchre Bank (MPBL)"},{"id":100003,"name":"Nepal SBI bank (SBI)"},{"id":100004,"name":"Kumari bank (KBL)"},{"id":100005,"name":"Janta Bank (JBL)"},{"id":100006,"name":"Citizen bank (CBL)"},{"id":100007,"name":"NABIL bank (NBL)"},{"id":100008,"name":"Nb bank (NBB)"}]