[{"id":"0","name":"Select"},{"id":1,"name":"ALTO 800"},{"id":2,"name":"ASTAR"},{"id":3,"name":"BALENO 1.2"},{"id":4,"name":"CELERIO"},{"id":5,"name":"CIAZ"},{"id":6,"name":"DZIRE"},{"id":7,"name":"EECO"},{"id":8,"name":"ERTIGA"},{"id":9,"name":"GYPSY KING"},{"id":10,"name":"K10"},{"id":11,"name":"OMNI CARGO"},{"id":12,"name":"OMNI VAN"},{"id":13,"name":"S-CROSS 1.3"},{"id":14,"name":"S-CROSS 1.6"},{"id":15,"name":"SUPER CARRY"},{"id":16,"name":"SWIFT"},{"id":17,"name":"VITARA BREZZA"},{"id":18,"name":"WAGON R"}]