[{"id":"0","name":"Select MUN\/VDC"},{"id":1593,"name":"Aalapot"},{"id":1594,"name":"Baad Bhanjyang"},{"id":1595,"name":"Bajrayogini (Sankhu)"},{"id":1596,"name":"Balambu"},{"id":1597,"name":"Baluwa"},{"id":1598,"name":"Bhadrabas"},{"id":1599,"name":"Bhimdhunga"},{"id":1600,"name":"Budanilkantha"},{"id":1601,"name":"Chalnakhel"},{"id":1602,"name":"Chapali Bhadrakali"},{"id":1603,"name":"Chhaimale"},{"id":1604,"name":"Chunikhel"},{"id":1605,"name":"Daanchhi"},{"id":1606,"name":"Dahachok"},{"id":1607,"name":"Daxinkali"},{"id":1608,"name":"Dhapasi"},{"id":1609,"name":"Dharmasthali"},{"id":1610,"name":"Futung"},{"id":1611,"name":"Gagalphedi"},{"id":1612,"name":"Gokarneswor"},{"id":1613,"name":"Goldhunga"},{"id":1614,"name":"Gonggabu"},{"id":1615,"name":"Gothatar"},{"id":1616,"name":"Ichang Narayan"},{"id":1617,"name":"Indrayani"},{"id":1618,"name":"Jhor Mahankal"},{"id":1619,"name":"Jitpurphedi"},{"id":1620,"name":"Jorpati"},{"id":1621,"name":"Kabhresthali"},{"id":1622,"name":"Kapan"},{"id":1623,"name":"Kathmandu Metropolitan City"},{"id":1624,"name":"Khadka Bhadrakali"},{"id":1625,"name":"Kirtipur Municipality"},{"id":1626,"name":"Lapsiphedi"},{"id":1627,"name":"Machhegaun"},{"id":1628,"name":"Mahadevathan"},{"id":1629,"name":"Mahankal"},{"id":1630,"name":"Manmaiju"},{"id":1631,"name":"Matatirtha"},{"id":1632,"name":"Mulpani"},{"id":1633,"name":"Naglebhare"},{"id":1634,"name":"Naikap Naya Bhanjyang"},{"id":1635,"name":"Naikap Purano Bhanjyang"},{"id":1636,"name":"Nayapati"},{"id":1637,"name":"Pukhulachhi"},{"id":1638,"name":"Ramkot"},{"id":1639,"name":"Sangla"},{"id":1640,"name":"Satungal"},{"id":1641,"name":"Setidevi"},{"id":1642,"name":"Seuchatar"},{"id":1643,"name":"Sheshnarayan"},{"id":1644,"name":"Sitapaila"},{"id":1645,"name":"Sundarijal"},{"id":1646,"name":"Suntol"},{"id":1647,"name":"Talkududechour"},{"id":1648,"name":"Thankot"},{"id":1649,"name":"Tinthana"},{"id":1650,"name":"Tokha Chandeswori"},{"id":1651,"name":"Tokha Sarswoti"}]