[{"id":"0","name":"Select MUN\/VDC"},{"id":3721,"name":"Baisi Bichawa"},{"id":3722,"name":"Belauri Municipality"},{"id":3723,"name":"Beldandi"},{"id":3724,"name":"Bhimdatta Municipality"},{"id":3725,"name":"Chandani"},{"id":3726,"name":"Daijee"},{"id":3727,"name":"Dekhatbhuli"},{"id":3728,"name":"Dodhara"},{"id":3729,"name":"Jhalari"},{"id":3730,"name":"Krishnapur"},{"id":3731,"name":"Pipaladi"},{"id":3732,"name":"Punarbas Municipality"},{"id":3733,"name":"Raikawar Bichawa"},{"id":3734,"name":"Rauteli Bichawa"},{"id":3735,"name":"Sankarpur"},{"id":3736,"name":"Suda"}]