[{"id":"0","name":"Select MUN\/VDC"},{"id":481,"name":"Aamtep"},{"id":482,"name":"Annapurna"},{"id":483,"name":"Baikunthe"},{"id":484,"name":"Balankha"},{"id":485,"name":"Basikhora"},{"id":486,"name":"Basteem"},{"id":487,"name":"Bhojpur Municipality"},{"id":488,"name":"Bhulke"},{"id":489,"name":"Boya"},{"id":490,"name":"Champe"},{"id":491,"name":"Changre"},{"id":492,"name":"Charambi"},{"id":493,"name":"Chaukidada"},{"id":494,"name":"Chhinamakhu"},{"id":495,"name":"Dalgaun"},{"id":496,"name":"Deurali"},{"id":497,"name":"Dewantar"},{"id":498,"name":"Dhodlekhani"},{"id":499,"name":"Dobhane"},{"id":500,"name":"Dummana"},{"id":501,"name":"Gogane"},{"id":502,"name":"Gupteshwor"},{"id":503,"name":"Hasanpur"},{"id":504,"name":"Helauchha"},{"id":505,"name":"Homtang"},{"id":506,"name":"Jarayotar"},{"id":507,"name":"Keemalung"},{"id":508,"name":"Keurenipani"},{"id":509,"name":"Khairang"},{"id":510,"name":"Khartamchha"},{"id":511,"name":"Khatamma"},{"id":512,"name":"Khawa"},{"id":513,"name":"Kot"},{"id":514,"name":"Kudak Kaule"},{"id":515,"name":"Kulung"},{"id":516,"name":"Lekharka"},{"id":517,"name":"Mane Bhanjyang"},{"id":518,"name":"Mulpani"},{"id":519,"name":"Nagi"},{"id":520,"name":"Nepaledada"},{"id":521,"name":"Okhre"},{"id":522,"name":"Pangcha"},{"id":523,"name":"Patle Pani"},{"id":524,"name":"Pawala"},{"id":525,"name":"Pyauli"},{"id":526,"name":"Ranibas"},{"id":527,"name":"Sangpang"},{"id":528,"name":"Sano Dumma"},{"id":529,"name":"Shyamsila"},{"id":530,"name":"Siddheswor"},{"id":531,"name":"Sindrang"},{"id":532,"name":"Thidingkha"},{"id":533,"name":"Thulo Dumma"},{"id":534,"name":"Timma"},{"id":535,"name":"Tiwari Bhanjyang"},{"id":536,"name":"Tunggechha"},{"id":537,"name":"Washingtharpu"},{"id":538,"name":"Yaku"},{"id":539,"name":"Yangpang"},{"id":540,"name":"Yoon"}]