[{"id":"0","name":"Select MUN\/VDC"},{"id":3737,"name":"Ajayameru"},{"id":3738,"name":"Alital"},{"id":3739,"name":"Amargadhi Municipality"},{"id":3740,"name":"Ashigram"},{"id":3741,"name":"Bagarkot"},{"id":3742,"name":"Belapur"},{"id":3743,"name":"Bhadrapur"},{"id":3744,"name":"Bhageswor"},{"id":3745,"name":"Chipur"},{"id":3746,"name":"Dewal Dibyapur"},{"id":3747,"name":"Ganeshpur"},{"id":3748,"name":"Gankhet"},{"id":3749,"name":"Jogbuda"},{"id":3750,"name":"Kailapalamandau"},{"id":3751,"name":"Koteli"},{"id":3752,"name":"Manilek"},{"id":3753,"name":"Mashtamandau"},{"id":3754,"name":"Nawadurga"},{"id":3755,"name":"Rupal"},{"id":3756,"name":"Samejee"},{"id":3757,"name":"Sirsha"}]