[{"id":"0","name":"Select MUN\/VDC"},{"id":699,"name":"Aanptar"},{"id":700,"name":"Balamta"},{"id":701,"name":"Bansbote"},{"id":702,"name":"Baraha"},{"id":703,"name":"Barre"},{"id":704,"name":"Beltar-Basaha Municipality"},{"id":705,"name":"Bhuttar"},{"id":706,"name":"Chaudandi"},{"id":707,"name":"Dumre"},{"id":708,"name":"Hadiya"},{"id":709,"name":"Hardeni"},{"id":710,"name":"Iname"},{"id":711,"name":"Jalpachilaune"},{"id":712,"name":"Jante"},{"id":713,"name":"Jogidaha"},{"id":714,"name":"Katari Municipality"},{"id":715,"name":"Katunje Babala"},{"id":716,"name":"Khanbu"},{"id":717,"name":"Laphagaun"},{"id":718,"name":"Lekhani"},{"id":719,"name":"Lekhgaun"},{"id":720,"name":"Limpatar"},{"id":721,"name":"Mainamaini"},{"id":722,"name":"Mayankhu"},{"id":723,"name":"Nametar"},{"id":724,"name":"Okhale"},{"id":725,"name":"Pachchawati"},{"id":726,"name":"Pokhari"},{"id":727,"name":"Rauta"},{"id":728,"name":"Risku"},{"id":729,"name":"Rupatar"},{"id":730,"name":"Saune"},{"id":731,"name":"Shorung Chhabise"},{"id":732,"name":"Siddhipur"},{"id":733,"name":"Sirise"},{"id":734,"name":"Sundarpur"},{"id":735,"name":"Tamlichha"},{"id":736,"name":"Tapeswori"},{"id":737,"name":"Tawashree"},{"id":738,"name":"Thanagau"},{"id":739,"name":"Thoksila"},{"id":740,"name":"Triyuga Municipality"},{"id":741,"name":"Valayadanda"}]