[{"id":"0","name":"Select MUN\/VDC"},{"id":2648,"name":"Archale"},{"id":2649,"name":"Argali"},{"id":2650,"name":"Bahadurpur"},{"id":2651,"name":"Baldengadhi"},{"id":2652,"name":"Bandipokhara"},{"id":2653,"name":"Barangdi"},{"id":2654,"name":"Bhairabsthan"},{"id":2655,"name":"Bhuwanpokhari"},{"id":2656,"name":"Birkot"},{"id":2657,"name":"Bodhapokharathok"},{"id":2658,"name":"Boudhagumba"},{"id":2659,"name":"Chappani"},{"id":2660,"name":"Chhahara"},{"id":2661,"name":"Chidipani"},{"id":2662,"name":"Chirtungdhara"},{"id":2663,"name":"Darlamdanda"},{"id":2664,"name":"Deurali"},{"id":2665,"name":"Devinagar"},{"id":2666,"name":"Dobhan"},{"id":2667,"name":"Fek"},{"id":2668,"name":"Foksingkot"},{"id":2669,"name":"Galdha"},{"id":2670,"name":"Gothadi"},{"id":2671,"name":"Haklang"},{"id":2672,"name":"Humin"},{"id":2673,"name":"Hungi"},{"id":2674,"name":"Jalpa"},{"id":2675,"name":"Jhadewa"},{"id":2676,"name":"Jhirubas"},{"id":2677,"name":"Juthapauwa"},{"id":2678,"name":"Jyamire"},{"id":2679,"name":"Kachal"},{"id":2680,"name":"Kaseni"},{"id":2681,"name":"Khanichhap"},{"id":2682,"name":"Khanigau"},{"id":2683,"name":"Khasyoli"},{"id":2684,"name":"Khyaha"},{"id":2685,"name":"Koldada"},{"id":2686,"name":"Kusumkhola"},{"id":2687,"name":"Madanpokhara"},{"id":2688,"name":"Masyam"},{"id":2689,"name":"Mityal"},{"id":2690,"name":"Mujhung"},{"id":2691,"name":"Nayarnamtales"},{"id":2692,"name":"Palung Mainadi"},{"id":2693,"name":"Pipaldada"},{"id":2694,"name":"Pokharathok"},{"id":2695,"name":"Rahabas"},{"id":2696,"name":"Rampur Municipality"},{"id":2697,"name":"Ringneraha"},{"id":2698,"name":"Rupse"},{"id":2699,"name":"Sahalkot"},{"id":2700,"name":"Satyawati"},{"id":2701,"name":"Siddheshwor"},{"id":2702,"name":"Siluwa"},{"id":2703,"name":"Somadi"},{"id":2704,"name":"Tahu"},{"id":2705,"name":"Tansen Municipality"},{"id":2706,"name":"Telgha"},{"id":2707,"name":"Timure"},{"id":2708,"name":"Wakamalang"},{"id":2709,"name":"Yamgha"}]