[{"id":"0","name":"Select MUN\/VDC"},{"id":1264,"name":"Bamti Bhandar"},{"id":1265,"name":"Betali"},{"id":1266,"name":"Bethan"},{"id":1267,"name":"Bhaluwajor"},{"id":1268,"name":"Bhatauli"},{"id":1269,"name":"Bhirpani"},{"id":1270,"name":"Bhujee"},{"id":1271,"name":"Bijulikot"},{"id":1272,"name":"Chanakhu"},{"id":1273,"name":"Chisapani"},{"id":1274,"name":"Chuchure"},{"id":1275,"name":"Dadhuwa"},{"id":1276,"name":"Deurali"},{"id":1277,"name":"Dimipokhari"},{"id":1278,"name":"Doramba"},{"id":1279,"name":"Duragaun"},{"id":1280,"name":"Farpu"},{"id":1281,"name":"Gagal Bhadaure"},{"id":1282,"name":"Gelu"},{"id":1283,"name":"Goswara"},{"id":1284,"name":"Gothgaun"},{"id":1285,"name":"Gumdel"},{"id":1286,"name":"Gunsi Bhadaure"},{"id":1287,"name":"Gupteshwor"},{"id":1288,"name":"Hiledevi"},{"id":1289,"name":"Himganga"},{"id":1290,"name":"Kathjor"},{"id":1291,"name":"Khandadevi"},{"id":1292,"name":"Khaniyapani"},{"id":1293,"name":"Khimti"},{"id":1294,"name":"Kubukasthali"},{"id":1295,"name":"Lakhanpur"},{"id":1296,"name":"Majuwa"},{"id":1297,"name":"Makadum"},{"id":1298,"name":"Manthali"},{"id":1299,"name":"Nagdaha"},{"id":1300,"name":"Namadi"},{"id":1301,"name":"Okhreni"},{"id":1302,"name":"Pakarbas"},{"id":1303,"name":"Phulasi"},{"id":1304,"name":"Pinkhuri"},{"id":1305,"name":"Pritee"},{"id":1306,"name":"Puranagaun"},{"id":1307,"name":"Rakathum"},{"id":1308,"name":"Ramechhap"},{"id":1309,"name":"Rampur"},{"id":1310,"name":"Rasanalu"},{"id":1311,"name":"Saipu"},{"id":1312,"name":"Salu"},{"id":1313,"name":"Sanghutar"},{"id":1314,"name":"Sukajor"},{"id":1315,"name":"Sunarpani"},{"id":1316,"name":"Those"},{"id":1317,"name":"Tilpung"},{"id":1318,"name":"Tokarpur"}]