[{"id":"0","name":"Select MUN\/VDC"},{"id":1821,"name":"Ajagabi"},{"id":1822,"name":"Akolawa"},{"id":1823,"name":"Auraiya"},{"id":1824,"name":"Badharwa"},{"id":1825,"name":"Bagahi"},{"id":1826,"name":"Bairiya"},{"id":1827,"name":"Baluwa Madanpur"},{"id":1828,"name":"Banjaraha"},{"id":1829,"name":"Bariyarpur"},{"id":1830,"name":"Basantapatti"},{"id":1831,"name":"Basatpur"},{"id":1832,"name":"Basbiti Jingadiya"},{"id":1833,"name":"Bhalohiya(Pipra)"},{"id":1834,"name":"Bhediyahi"},{"id":1835,"name":"Birtiprastoka"},{"id":1836,"name":"Bishrampur"},{"id":1837,"name":"Bisunpurwa Manpur"},{"id":1838,"name":"Brahmapuri"},{"id":1839,"name":"Chandrapur Municipality"},{"id":1840,"name":"Debahi"},{"id":1841,"name":"Dharampur"},{"id":1842,"name":"Dharhari"},{"id":1843,"name":"Dipahi"},{"id":1844,"name":"Dumriya(Paroha)"},{"id":1845,"name":"Fatuha Maheshpur"},{"id":1846,"name":"Fatuwa Harsaha"},{"id":1847,"name":"Gadhi Bhanawanpur"},{"id":1848,"name":"Gamhariya Birta"},{"id":1849,"name":"Gamhariya Parsa"},{"id":1850,"name":"Gangapipara"},{"id":1851,"name":"Garuda Bairiya"},{"id":1852,"name":"Gaur Municipality"},{"id":1853,"name":"Gedahiguthi"},{"id":1854,"name":"Hadirya Paltuwa"},{"id":1855,"name":"Hajminiya"},{"id":1856,"name":"Hathiyahi"},{"id":1857,"name":"Iharbari Jyutahi"},{"id":1858,"name":"Inaruwa"},{"id":1859,"name":"Jatahara"},{"id":1860,"name":"Jayanagar"},{"id":1861,"name":"Jethrahiya"},{"id":1862,"name":"Jhunkhunwa"},{"id":1863,"name":"Jingadawa Belbichwa"},{"id":1864,"name":"Jowaha(Jokaha)"},{"id":1865,"name":"Kakanpur"},{"id":1866,"name":"Karkach Karmaiya"},{"id":1867,"name":"Karuniya"},{"id":1868,"name":"Katahariya"},{"id":1869,"name":"Khesarhiya"},{"id":1870,"name":"Laxminiya Do."},{"id":1871,"name":"Laxmipur (Do.)"},{"id":1872,"name":"Laxmipur Belbichawa"},{"id":1873,"name":"Lokaha"},{"id":1874,"name":"Madhopur"},{"id":1875,"name":"Mahamadpur"},{"id":1876,"name":"Malahi"},{"id":1877,"name":"Maryadpur"},{"id":1878,"name":"Masedawa"},{"id":1879,"name":"Mathiya"},{"id":1880,"name":"Matsari"},{"id":1881,"name":"Mithuawa"},{"id":1882,"name":"Mudwalawa"},{"id":1883,"name":"Narkatiya Guthi"},{"id":1884,"name":"Pacharukhi"},{"id":1885,"name":"Pataura"},{"id":1886,"name":"Pathara Budharam"},{"id":1887,"name":"Pipara Pokhariya"},{"id":1888,"name":"Pipariya(Dostiya)"},{"id":1889,"name":"Pipariya(Paroha)"},{"id":1890,"name":"Pipra Bhagwanpur"},{"id":1891,"name":"Pipra Rajbara"},{"id":1892,"name":"Pothiyahi"},{"id":1893,"name":"Pratappur Paltuwa"},{"id":1894,"name":"Prempur Gunahi"},{"id":1895,"name":"Raghunathpur"},{"id":1896,"name":"Rajdevi"},{"id":1897,"name":"Rajpur Farhadawa"},{"id":1898,"name":"Rajpur Tulsi"},{"id":1899,"name":"Ramoli Bairiya"},{"id":1900,"name":"Rampur Khap"},{"id":1901,"name":"Rangapur"},{"id":1902,"name":"Sakhuawa"},{"id":1903,"name":"Sakhuwa Dhamaura"},{"id":1904,"name":"Samanpur"},{"id":1905,"name":"Sangrampur"},{"id":1906,"name":"Santapur(Dostiya)"},{"id":1907,"name":"Sarmujawa"},{"id":1908,"name":"Saruatha"},{"id":1909,"name":"Saunaraniya"},{"id":1910,"name":"Shitalpur Bairgania"},{"id":1911,"name":"Simara Bhawanipur"},{"id":1912,"name":"Tejapakar"},{"id":1913,"name":"Tengraha"}]