[{"id":"0","name":"Select MUN\/VDC"},{"id":3233,"name":"Agragaun"},{"id":3234,"name":"Awalching"},{"id":3235,"name":"Babiyachaur"},{"id":3236,"name":"Bajedichaur"},{"id":3237,"name":"Betan"},{"id":3238,"name":"Bidyapur"},{"id":3239,"name":"Bijaura"},{"id":3240,"name":"Birendranagar Municipality"},{"id":3241,"name":"Chapre"},{"id":3242,"name":"Chhinchu"},{"id":3243,"name":"Dahachaur"},{"id":3244,"name":"Dandakhali"},{"id":3245,"name":"Dasarathpur"},{"id":3246,"name":"Dharapani"},{"id":3247,"name":"Gadi Bayalkada"},{"id":3248,"name":"Garpan"},{"id":3249,"name":"Ghat Gaun"},{"id":3250,"name":"Ghoreta"},{"id":3251,"name":"Ghumkhahare"},{"id":3252,"name":"Gumi"},{"id":3253,"name":"Guthu"},{"id":3254,"name":"Hariharpur"},{"id":3255,"name":"Jarbuta"},{"id":3256,"name":"Kafalkot"},{"id":3257,"name":"Kalyan"},{"id":3258,"name":"Kaprichaur"},{"id":3259,"name":"Khanikholla"},{"id":3260,"name":"Kunathari"},{"id":3261,"name":"Lagaam"},{"id":3262,"name":"Latikoili"},{"id":3263,"name":"Lekhfarsa"},{"id":3264,"name":"Lekhgaun"},{"id":3265,"name":"Lekhparajul"},{"id":3266,"name":"Maintada"},{"id":3267,"name":"Malarani"},{"id":3268,"name":"Matela"},{"id":3269,"name":"Mehelkuna"},{"id":3270,"name":"Neta"},{"id":3271,"name":"Pamka"},{"id":3272,"name":"Pokharikanda"},{"id":3273,"name":"Rajena"},{"id":3274,"name":"Rakam"},{"id":3275,"name":"Ramghat"},{"id":3276,"name":"Ranibas"},{"id":3277,"name":"Ratu"},{"id":3278,"name":"Sahare"},{"id":3279,"name":"Salkot"},{"id":3280,"name":"Satakhani"},{"id":3281,"name":"Taranga"},{"id":3282,"name":"Tatopani"},{"id":3283,"name":"Uttarganga"}]