[{"id":"0","name":"Select MUN\/VDC"},{"id":1371,"name":"Atarpur"},{"id":1372,"name":"Badegau"},{"id":1373,"name":"Bansbari"},{"id":1374,"name":"Banskharka"},{"id":1375,"name":"Baramchi"},{"id":1376,"name":"Barhabise"},{"id":1377,"name":"Baruwa"},{"id":1378,"name":"Batase"},{"id":1379,"name":"Bhimtar"},{"id":1380,"name":"Bhotang"},{"id":1381,"name":"Bhotasipa"},{"id":1382,"name":"Bhote Namlang"},{"id":1383,"name":"Bhotechaur"},{"id":1384,"name":"Chautara Municipality"},{"id":1385,"name":"Chokati"},{"id":1386,"name":"Dhumthang"},{"id":1387,"name":"Dhuskun"},{"id":1388,"name":"Dubachour"},{"id":1389,"name":"Fatakshila"},{"id":1390,"name":"Fulpingdanda"},{"id":1391,"name":"Fulpingkatti"},{"id":1392,"name":"Fulpingkot"},{"id":1393,"name":"Gati"},{"id":1394,"name":"Ghorthali"},{"id":1395,"name":"Gloche"},{"id":1396,"name":"Gumba"},{"id":1397,"name":"Gunsakot"},{"id":1398,"name":"Hagam"},{"id":1399,"name":"Haibung"},{"id":1400,"name":"Helambu"},{"id":1401,"name":"Ichok"},{"id":1402,"name":"Irkhu"},{"id":1403,"name":"Jalbire"},{"id":1404,"name":"Jethal"},{"id":1405,"name":"Jyamire"},{"id":1406,"name":"Kadambas"},{"id":1407,"name":"Kalika"},{"id":1408,"name":"Karthali"},{"id":1409,"name":"Kiwool"},{"id":1410,"name":"Kunchok"},{"id":1411,"name":"Langarche"},{"id":1412,"name":"Lisankhu"},{"id":1413,"name":"Listikot"},{"id":1414,"name":"Mahankal"},{"id":1415,"name":"Maneswnara"},{"id":1416,"name":"Mankha"},{"id":1417,"name":"Marming"},{"id":1418,"name":"Melamchi"},{"id":1419,"name":"Nawalpur"},{"id":1420,"name":"Pagretar"},{"id":1421,"name":"Palchok"},{"id":1422,"name":"Pangtang"},{"id":1423,"name":"Petaku"},{"id":1424,"name":"Piskar"},{"id":1425,"name":"Ramche"},{"id":1426,"name":"Sangachok"},{"id":1427,"name":"Selang"},{"id":1428,"name":"Sikharpur"},{"id":1429,"name":"Sindhukot"},{"id":1430,"name":"Sipa Pokhare"},{"id":1431,"name":"Sipal Kavre"},{"id":1432,"name":"Sunkhani"},{"id":1433,"name":"Syaule Bazar"},{"id":1434,"name":"Talamarang"},{"id":1435,"name":"Tatopani"},{"id":1436,"name":"Tauthali"},{"id":1437,"name":"Tekanpur"},{"id":1438,"name":"Thakani"},{"id":1439,"name":"Thampal Chhap"},{"id":1440,"name":"Thangpalkot"},{"id":1441,"name":"Thokarpa"},{"id":1442,"name":"Thulo Dhading"},{"id":1443,"name":"Thulo Pakhar"},{"id":1444,"name":"Thulo Sirubari"},{"id":1445,"name":"Thum Pakhar"},{"id":1446,"name":"Yamunadanda"}]