[{"id":"0","name":"Select MUN\/VDC"},{"id":278,"name":"Amahibariyati"},{"id":279,"name":"Amardaha"},{"id":280,"name":"Babiya Birta"},{"id":281,"name":"Bahuni"},{"id":282,"name":"Baijanathpur"},{"id":283,"name":"Banigama"},{"id":284,"name":"Baradanga"},{"id":285,"name":"Bayarban"},{"id":286,"name":"Belbari Municipality"},{"id":287,"name":"Bhaudaha"},{"id":288,"name":"Bhogateni"},{"id":289,"name":"Biratnagar Sub-Metropolitan"},{"id":290,"name":"Budhanagar"},{"id":291,"name":"Dadarbairiya"},{"id":292,"name":"Dainiya"},{"id":293,"name":"Dangihat"},{"id":294,"name":"Dangraha"},{"id":295,"name":"Drabesh"},{"id":296,"name":"Govindapur"},{"id":297,"name":"Hasandaha"},{"id":298,"name":"Hathimudha"},{"id":299,"name":"Hoklabari"},{"id":300,"name":"Itahara"},{"id":301,"name":"Jante"},{"id":302,"name":"Jhorahat"},{"id":303,"name":"Jhurkiya"},{"id":304,"name":"Kadmaha"},{"id":305,"name":"Katahari"},{"id":306,"name":"Kerabari"},{"id":307,"name":"Keroun"},{"id":308,"name":"Koshi-Haraicha Municipality"},{"id":309,"name":"Lakhantari"},{"id":310,"name":"Letang"},{"id":311,"name":"Madhumalla"},{"id":312,"name":"Mahadewa"},{"id":313,"name":"Majhare"},{"id":314,"name":"Matigachha"},{"id":315,"name":"Motipur"},{"id":316,"name":"Necha"},{"id":317,"name":"Pathari Shanischare Municipality"},{"id":318,"name":"Patigaun"},{"id":319,"name":"Pokhariya"},{"id":320,"name":"Rajghat"},{"id":321,"name":"Ramite Khola"},{"id":322,"name":"Rangeli Municipality"},{"id":323,"name":"Sidharaha"},{"id":324,"name":"Sijuwa"},{"id":325,"name":"Sinhadevi Sombare"},{"id":326,"name":"Sisabanibadahara"},{"id":327,"name":"Sisawanijahada"},{"id":328,"name":"Sorabhag"},{"id":329,"name":"Sundar-Dulari Municipality"},{"id":330,"name":"Tandi"},{"id":331,"name":"Tankisinuwari"},{"id":332,"name":"Tetariya"},{"id":333,"name":"Thalaha"},{"id":334,"name":"Urlabari Municipality"},{"id":335,"name":"Warangi"},{"id":336,"name":"Yangshila"}]