[{"id":"0","name":"Select MUN\/VDC"},{"id":2007,"name":"Alau"},{"id":2008,"name":"Amarpatti"},{"id":2009,"name":"Auraha"},{"id":2010,"name":"Bagahi"},{"id":2011,"name":"Bagbana"},{"id":2012,"name":"Bageshwari Titrona"},{"id":2013,"name":"Bahauri Pidari"},{"id":2014,"name":"Bahuarbamatha"},{"id":2015,"name":"Bairiya Birta (Da.Pu.)"},{"id":2016,"name":"Bairiya Birta (Nau.Ta.Ja.)"},{"id":2017,"name":"Basadilwa"},{"id":2018,"name":"Basantpur"},{"id":2019,"name":"Belwa Parsauni"},{"id":2020,"name":"Bhawanipur"},{"id":2021,"name":"Bhedihari"},{"id":2022,"name":"Bhikhampur"},{"id":2023,"name":"Bhisawa"},{"id":2024,"name":"Bijbaniya"},{"id":2025,"name":"Bindabasini"},{"id":2026,"name":"Biranchibarwa"},{"id":2027,"name":"Birgunj Sub-Metropolitan City"},{"id":2028,"name":"Birwaguthi"},{"id":2029,"name":"Bishrampur"},{"id":2030,"name":"Chorni"},{"id":2031,"name":"Deukhana"},{"id":2032,"name":"Dhaubini"},{"id":2033,"name":"Dhore"},{"id":2034,"name":"Gadi"},{"id":2035,"name":"Gamhariya"},{"id":2036,"name":"Ghaudhdaur Pipara"},{"id":2037,"name":"Govindapur"},{"id":2038,"name":"Hariharpur (Nau.Ta.Ja.)"},{"id":2039,"name":"Hariharpur Birta"},{"id":2040,"name":"Harpatagunj"},{"id":2041,"name":"Harpur"},{"id":2042,"name":"Jagarnathpur"},{"id":2043,"name":"Jaimangalapur"},{"id":2044,"name":"Janakitola"},{"id":2045,"name":"Jeetpur"},{"id":2046,"name":"Jhouwa Guthi"},{"id":2047,"name":"Kauwa Ban Kataiya"},{"id":2048,"name":"Lahawarthakari"},{"id":2049,"name":"Lakhanpur"},{"id":2050,"name":"Lal Parsa"},{"id":2051,"name":"Langadi"},{"id":2052,"name":"Lipani Birta"},{"id":2053,"name":"Madhuban Mathaul"},{"id":2054,"name":"Mahadevpatti"},{"id":2055,"name":"Mahuwan"},{"id":2056,"name":"Mainpur (Pakaha)"},{"id":2057,"name":"Maniyari"},{"id":2058,"name":"Masihani"},{"id":2059,"name":"Mirjapur"},{"id":2060,"name":"Mudali"},{"id":2061,"name":"Nagardaha"},{"id":2062,"name":"Nichuta"},{"id":2063,"name":"Nirmal Basti"},{"id":2064,"name":"Pacharukhi"},{"id":2065,"name":"Parsauni Birta"},{"id":2066,"name":"Pidariguthi"},{"id":2067,"name":"Pokhariya"},{"id":2068,"name":"Prasauni Matha"},{"id":2069,"name":"Prasurampur"},{"id":2070,"name":"Ramgadhawa"},{"id":2071,"name":"Ramnagari"},{"id":2072,"name":"Sabaithawa"},{"id":2073,"name":"Sakhuwa Prasauni"},{"id":2074,"name":"Samjhauta"},{"id":2075,"name":"Sedhawa"},{"id":2076,"name":"Shankar Saraiya"},{"id":2077,"name":"Shibarwa"},{"id":2078,"name":"Sirsiya Khalwatola"},{"id":2079,"name":"Sonbarsa"},{"id":2080,"name":"Sreesiya (Nau.Ta.Ja.)"},{"id":2081,"name":"Subarnapur"},{"id":2082,"name":"Sugauli Birta"},{"id":2083,"name":"Sugauli Partewa"},{"id":2084,"name":"Supauli"},{"id":2085,"name":"Surjaha"},{"id":2086,"name":"Thori"},{"id":2087,"name":"Tulasi Barwa"},{"id":2088,"name":"Udayapur Ghurmi"},{"id":2089,"name":"Vauratar"}]