[{"id":"0","name":"Select MUN\/VDC"},{"id":742,"name":"Arnaha"},{"id":743,"name":"Aurahi"},{"id":744,"name":"Bairawa"},{"id":745,"name":"Bakdhauwa"},{"id":746,"name":"Bamangamakatti"},{"id":747,"name":"Banainiya"},{"id":748,"name":"Banarjhula"},{"id":749,"name":"Banaula"},{"id":750,"name":"Banauli"},{"id":751,"name":"Barsain (Ko.)"},{"id":752,"name":"Basbiti"},{"id":753,"name":"Bathanaha"},{"id":754,"name":"Belhi"},{"id":755,"name":"Belhichapena"},{"id":756,"name":"Bhagawatpur"},{"id":757,"name":"Bhardaha"},{"id":758,"name":"Bhutahi"},{"id":759,"name":"Birpur Barahi"},{"id":760,"name":"Bishahariya"},{"id":761,"name":"Bodebarsaien"},{"id":762,"name":"Boriya"},{"id":763,"name":"Brahmapur"},{"id":764,"name":"Chhinnamasta"},{"id":765,"name":"Dadha"},{"id":766,"name":"Daulatpur"},{"id":767,"name":"Deuri"},{"id":768,"name":"Deurimaruwa"},{"id":769,"name":"Dhanagadi"},{"id":770,"name":"Didhawa"},{"id":771,"name":"Diman"},{"id":772,"name":"Fakira"},{"id":773,"name":"Farseth"},{"id":774,"name":"Fatepur"},{"id":775,"name":"Fulkahi"},{"id":776,"name":"Gamhariya Parwaha"},{"id":777,"name":"Gobar Gada"},{"id":778,"name":"Goithi"},{"id":779,"name":"Hanumannagar"},{"id":780,"name":"Hardiya"},{"id":781,"name":"Hariharpur"},{"id":782,"name":"Haripur"},{"id":783,"name":"Inarwa"},{"id":784,"name":"Inarwa Fulbariya"},{"id":785,"name":"Itahari Bishnupur"},{"id":786,"name":"Jamunimadhepura"},{"id":787,"name":"Jandaul"},{"id":788,"name":"Jhutaki"},{"id":789,"name":"Joginiya-1"},{"id":790,"name":"Joginiya-2"},{"id":791,"name":"Kabilash"},{"id":792,"name":"Kachan"},{"id":793,"name":"Kalyanpur"},{"id":794,"name":"Kamalpur"},{"id":795,"name":"Kanchanpur Municipality"},{"id":796,"name":"Kataiya"},{"id":797,"name":"Khadgapur"},{"id":798,"name":"Khojpur"},{"id":799,"name":"Ko. Madhepura"},{"id":800,"name":"Kochabakhari"},{"id":801,"name":"Koiladi"},{"id":802,"name":"Kushaha"},{"id":803,"name":"Lalapati"},{"id":804,"name":"Launiya"},{"id":805,"name":"Lohajara"},{"id":806,"name":"Madhawapur"},{"id":807,"name":"Madhupati"},{"id":808,"name":"Mahadeva"},{"id":809,"name":"Mainakaderi"},{"id":810,"name":"Mainasahasrabahu"},{"id":811,"name":"Malekpur"},{"id":812,"name":"Maleth"},{"id":813,"name":"Malhanama"},{"id":814,"name":"Malhaniya"},{"id":815,"name":"Manraja"},{"id":816,"name":"Mauwaha"},{"id":817,"name":"Nardho"},{"id":818,"name":"Negada"},{"id":819,"name":"Odraha"},{"id":820,"name":"Pakari"},{"id":821,"name":"Pansera"},{"id":822,"name":"Paterwa"},{"id":823,"name":"Pato"},{"id":824,"name":"Patthargada"},{"id":825,"name":"Pipra Paschim"},{"id":826,"name":"Portaha"},{"id":827,"name":"Prasabani"},{"id":828,"name":"Rajbiraj Municipality"},{"id":829,"name":"Ramnagar"},{"id":830,"name":"Rampuramalhaniya"},{"id":831,"name":"Rautahat"},{"id":832,"name":"Rayapur"},{"id":833,"name":"Sankarpura"},{"id":834,"name":"Saraswor"},{"id":835,"name":"Shambhunath Municipality"},{"id":836,"name":"Simraha Sigiyoun"},{"id":837,"name":"Siswa Beihi"},{"id":838,"name":"Sitapur"},{"id":839,"name":"Tarahi"},{"id":840,"name":"Terahauta"},{"id":841,"name":"Tikuliya"},{"id":842,"name":"Tilathi"},{"id":843,"name":"Trikaula"}]