[{"id":"0","name":"Select MUN\/VDC"},{"id":184,"name":"Amchok"},{"id":185,"name":"Bajho"},{"id":186,"name":"Barbote"},{"id":187,"name":"Chamaita"},{"id":188,"name":"Chisapani"},{"id":189,"name":"Chulachuli"},{"id":190,"name":"Danabari"},{"id":191,"name":"Dhuseni"},{"id":192,"name":"Ebhang"},{"id":193,"name":"Ektappa"},{"id":194,"name":"Erautar"},{"id":195,"name":"Gajurmukhi"},{"id":196,"name":"Godak"},{"id":197,"name":"Gorkhe"},{"id":198,"name":"Ilam Municipality"},{"id":199,"name":"Jamuna"},{"id":200,"name":"Jirmale"},{"id":201,"name":"Jitpur"},{"id":202,"name":"Jogmai"},{"id":203,"name":"Kolbung"},{"id":204,"name":"Laxmipur"},{"id":205,"name":"Lumde"},{"id":206,"name":"Mabu"},{"id":207,"name":"Mahamai"},{"id":208,"name":"Maimajhuwa"},{"id":209,"name":"Maipokhari"},{"id":210,"name":"Mangalbare"},{"id":211,"name":"Namsaling"},{"id":212,"name":"Naya Bazar"},{"id":213,"name":"Pasupati Nagar"},{"id":214,"name":"Phakphok"},{"id":215,"name":"Phuyatappa"},{"id":216,"name":"Puwamajhuwa"},{"id":217,"name":"Pyang"},{"id":218,"name":"Sakfara"},{"id":219,"name":"Sakhejung"},{"id":220,"name":"Samalbung"},{"id":221,"name":"Sangrumba"},{"id":222,"name":"Shanti Danda"},{"id":223,"name":"Shantipur"},{"id":224,"name":"Shree Antu"},{"id":225,"name":"Siddhithumka"},{"id":226,"name":"Soyak"},{"id":227,"name":"Soyang"},{"id":228,"name":"Sulubung"},{"id":229,"name":"Sumbek"},{"id":230,"name":"Suryodaya Municipality"}]