[{"id":"0","name":"Select MUN\/VDC"},{"id":1652,"name":"Bageswori"},{"id":1653,"name":"Balkumari"},{"id":1654,"name":"Barsunchet"},{"id":1655,"name":"Belkot"},{"id":1656,"name":"Betini"},{"id":1657,"name":"Bhadrutar"},{"id":1658,"name":"Bhalche"},{"id":1659,"name":"Bidur Municipality"},{"id":1660,"name":"Budhasing"},{"id":1661,"name":"Bungtang"},{"id":1662,"name":"Charghare"},{"id":1663,"name":"Chaturale"},{"id":1664,"name":"Chaughada"},{"id":1665,"name":"Chauthe"},{"id":1666,"name":"Chhap"},{"id":1667,"name":"Dangsing"},{"id":1668,"name":"Deurali"},{"id":1669,"name":"Duipipal"},{"id":1670,"name":"Fikuri"},{"id":1671,"name":"Ganeshthan"},{"id":1672,"name":"Gaunkharka"},{"id":1673,"name":"Gerkhu"},{"id":1674,"name":"Ghyangphedi"},{"id":1675,"name":"Gorsyang"},{"id":1676,"name":"Halde Kalika"},{"id":1677,"name":"Jiling"},{"id":1678,"name":"Kabilas"},{"id":1679,"name":"Kakani"},{"id":1680,"name":"Kalyanpur"},{"id":1681,"name":"Kaule"},{"id":1682,"name":"Khadag Bhanjyang"},{"id":1683,"name":"Khanigaun"},{"id":1684,"name":"Kharanitar"},{"id":1685,"name":"Kimtang"},{"id":1686,"name":"Kumari"},{"id":1687,"name":"Lachyang"},{"id":1688,"name":"Likhu"},{"id":1689,"name":"Madanpur"},{"id":1690,"name":"Mahakali"},{"id":1691,"name":"Manakamana"},{"id":1692,"name":"Narjamandap"},{"id":1693,"name":"Okharpauwa"},{"id":1694,"name":"Panchakanya"},{"id":1695,"name":"Ralukadevi"},{"id":1696,"name":"Ratmate"},{"id":1697,"name":"Rautbesi"},{"id":1698,"name":"Salme"},{"id":1699,"name":"Samari"},{"id":1700,"name":"Samundradevi"},{"id":1701,"name":"Samundratar"},{"id":1702,"name":"Shikharbesi"},{"id":1703,"name":"Sikre"},{"id":1704,"name":"Sundaradevi"},{"id":1705,"name":"Sunkhani"},{"id":1706,"name":"Suryamati"},{"id":1707,"name":"Talakhu"},{"id":1708,"name":"Taruka"},{"id":1709,"name":"Thanapati"},{"id":1710,"name":"Thansing"},{"id":1711,"name":"Thaprek"},{"id":1712,"name":"Tupche"},{"id":1713,"name":"Urleni"}]