[{"id":"0","name":"Select MUN\/VDC"},{"id":844,"name":"Arnamalalpur"},{"id":845,"name":"Arnamarampur"},{"id":846,"name":"Asanpur"},{"id":847,"name":"Ashokpur Balkawa"},{"id":848,"name":"Aurahi"},{"id":849,"name":"Ayodhyanagar"},{"id":850,"name":"Badharamal"},{"id":851,"name":"Barchhawa"},{"id":852,"name":"Bariyarpatti"},{"id":853,"name":"Bastipur"},{"id":854,"name":"Belaha"},{"id":855,"name":"Belhi"},{"id":856,"name":"Betauna"},{"id":857,"name":"Bhadaiya"},{"id":858,"name":"Bhagawatipur"},{"id":859,"name":"Bhagwanpur"},{"id":860,"name":"Bhawanipur"},{"id":861,"name":"Bhawanpur Kalabanzar"},{"id":862,"name":"Bhedia"},{"id":863,"name":"Bhokraha"},{"id":864,"name":"Bishnupur Pra.Ma."},{"id":865,"name":"Bishnupur Pra.Ra"},{"id":866,"name":"Bishnupurkatti"},{"id":867,"name":"Brahmagaughadi"},{"id":868,"name":"Chandra Ayodhyapur"},{"id":869,"name":"Chandralalpur"},{"id":870,"name":"Chandrodayapur"},{"id":871,"name":"Chatari"},{"id":872,"name":"Chikana"},{"id":873,"name":"Devipur"},{"id":874,"name":"Dhangadi"},{"id":875,"name":"Dhodhana"},{"id":876,"name":"Dumari"},{"id":877,"name":"Durgapur"},{"id":878,"name":"Fulkaha Kati"},{"id":879,"name":"Gadha"},{"id":880,"name":"Gauripur"},{"id":881,"name":"Gautari"},{"id":882,"name":"Govindapur Malahanama"},{"id":883,"name":"Govindpur Taregana"},{"id":884,"name":"Hakpara"},{"id":885,"name":"Hanumannagar"},{"id":886,"name":"Hanumannagar (Pra.Dha.)"},{"id":887,"name":"Harakatti"},{"id":888,"name":"Inarwa"},{"id":889,"name":"Itarhawa"},{"id":890,"name":"Itari Parsahi"},{"id":891,"name":"Itatar"},{"id":892,"name":"Jamadaha"},{"id":893,"name":"Janakinagar"},{"id":894,"name":"Jighaul"},{"id":895,"name":"Kabilasi"},{"id":896,"name":"Kachanari"},{"id":897,"name":"Kalyanpur Jabadi"},{"id":898,"name":"Kalyanpurkalabanzar"},{"id":899,"name":"Karjanha"},{"id":900,"name":"Kharukyanhi"},{"id":901,"name":"Khirauna"},{"id":902,"name":"Krishnapur Birta"},{"id":903,"name":"Kushahalaxininiya"},{"id":904,"name":"Lagadi Gadiyani"},{"id":905,"name":"Lagadigoth"},{"id":906,"name":"Lahan Municipality"},{"id":907,"name":"Lalpur"},{"id":908,"name":"Laxminiya"},{"id":909,"name":"Laxmipur (Pra.Ma.)"},{"id":910,"name":"Laxmipur Patari"},{"id":911,"name":"Madar"},{"id":912,"name":"Mahadewa Portaha"},{"id":913,"name":"Mahanaur"},{"id":914,"name":"Maheshpur Patari"},{"id":915,"name":"Majhauliya"},{"id":916,"name":"Majhaura"},{"id":917,"name":"Malhaniya Gamharia"},{"id":918,"name":"Mauwahi"},{"id":919,"name":"Mirchaiya Municipality"},{"id":920,"name":"Mohanpur Kamalpur"},{"id":921,"name":"Muksar"},{"id":922,"name":"Nahara Rigoul"},{"id":923,"name":"Naraha Balkawa"},{"id":924,"name":"Navarajpur"},{"id":925,"name":"Padariya Tharutol"},{"id":926,"name":"Pipra Pra.Dha"},{"id":927,"name":"Pipra Pra.Pi"},{"id":928,"name":"Pokharbhinda"},{"id":929,"name":"Rajpur"},{"id":930,"name":"Sakhuwanankarkatti"},{"id":931,"name":"Sanhaitha"},{"id":932,"name":"Sarswar"},{"id":933,"name":"Sikron"},{"id":934,"name":"Silorba Pachhawari"},{"id":935,"name":"Siraha Municipality"},{"id":936,"name":"Sisawani"},{"id":937,"name":"Sitapur Pra.Da."},{"id":938,"name":"Sonmati Majhaura"},{"id":939,"name":"Sothiyan"},{"id":940,"name":"Sukhachina"},{"id":941,"name":"Sukhipur"},{"id":942,"name":"Tenuwapatti"},{"id":943,"name":"Thalaha Kataha"},{"id":944,"name":"Tulsipur"},{"id":945,"name":"Vidhyanagar"}]