[{"id":"0","name":"Select MUN\/VDC"},{"id":388,"name":"Ahale"},{"id":389,"name":"Ankhisalla"},{"id":390,"name":"Arkhaule Jitpur"},{"id":391,"name":"Basantatar"},{"id":392,"name":"Belhara"},{"id":393,"name":"Bhirgaun"},{"id":394,"name":"Bodhe"},{"id":395,"name":"Budhabare"},{"id":396,"name":"Budi Morang"},{"id":397,"name":"Chanuwa"},{"id":398,"name":"Chhintang"},{"id":399,"name":"Chungwang"},{"id":400,"name":"Danda Bazar"},{"id":401,"name":"Dandagaun"},{"id":402,"name":"Dhankuta Municipality"},{"id":403,"name":"Faksib"},{"id":404,"name":"Falate"},{"id":405,"name":"Ghorlikharka"},{"id":406,"name":"Hathikharka"},{"id":407,"name":"Khoku"},{"id":408,"name":"Khuwaphok"},{"id":409,"name":"Kurule Tenupa"},{"id":410,"name":"Leguwa"},{"id":411,"name":"Mahabharat"},{"id":412,"name":"Marek Katahare"},{"id":413,"name":"Maunabudhuk"},{"id":414,"name":"Mudhebas"},{"id":415,"name":"Muga"},{"id":416,"name":"Murtidhunga"},{"id":417,"name":"Pakhribas"},{"id":418,"name":"Parewadin"},{"id":419,"name":"Raja Rani"},{"id":420,"name":"Sanne"},{"id":421,"name":"Tankhuwa"},{"id":422,"name":"Telia"},{"id":423,"name":"Vedetar"}]