[{"id":"0","name":"Select MUN\/VDC"},{"id":2710,"name":"Amraut"},{"id":2711,"name":"Badahara Dubauliya"},{"id":2712,"name":"Baidauli"},{"id":2713,"name":"Banjariya"},{"id":2714,"name":"Bardaghat Municipality"},{"id":2715,"name":"Benimanipur"},{"id":2716,"name":"Bharatipur"},{"id":2717,"name":"Bhujahawa"},{"id":2718,"name":"Bulingtar"},{"id":2719,"name":"Dadajheri Tadi"},{"id":2720,"name":"Dawanne Devi"},{"id":2721,"name":"Dedgaun"},{"id":2722,"name":"Deurali"},{"id":2723,"name":"Devagawa"},{"id":2724,"name":"Devchuli Municipality"},{"id":2725,"name":"Dhaubadi"},{"id":2726,"name":"Dhurkot"},{"id":2727,"name":"Dumkibas"},{"id":2728,"name":"Gaindakot Municipality"},{"id":2729,"name":"Gairami"},{"id":2730,"name":"Guthi Parsauni"},{"id":2731,"name":"Guthisuryapura"},{"id":2732,"name":"Hakui"},{"id":2733,"name":"Harpur"},{"id":2734,"name":"Hupsekot"},{"id":2735,"name":"Jahada"},{"id":2736,"name":"Jamuniya"},{"id":2737,"name":"Jaubari"},{"id":2738,"name":"Kawasoti Municipality"},{"id":2739,"name":"Kolhuwa"},{"id":2740,"name":"Kotathar"},{"id":2741,"name":"Kudiya"},{"id":2742,"name":"Kumarwarti"},{"id":2743,"name":"Kusma"},{"id":2744,"name":"Mainaghat"},{"id":2745,"name":"Manari"},{"id":2746,"name":"Mithukaram"},{"id":2747,"name":"Naram"},{"id":2748,"name":"Narayani"},{"id":2749,"name":"Narsahi"},{"id":2750,"name":"Naya Belhani"},{"id":2751,"name":"Pakalihawa"},{"id":2752,"name":"Palhi"},{"id":2753,"name":"Parsauni"},{"id":2754,"name":"Pratappur"},{"id":2755,"name":"Rajahar"},{"id":2756,"name":"Rakachuli"},{"id":2757,"name":"Rakuwa"},{"id":2758,"name":"Ramgram Municipality"},{"id":2759,"name":"Ramnagar"},{"id":2760,"name":"Rampur Khadauna"},{"id":2761,"name":"Rampurkha"},{"id":2762,"name":"Ratanapur"},{"id":2763,"name":"Ruchang"},{"id":2764,"name":"Rupauliya"},{"id":2765,"name":"Sanai"},{"id":2766,"name":"Sarawal"},{"id":2767,"name":"Somani"},{"id":2768,"name":"Sukrauli"},{"id":2769,"name":"Sunwal Municipality"},{"id":2770,"name":"Tamasariya"},{"id":2771,"name":"Thulo Khairatawa"},{"id":2772,"name":"Tilakpur"},{"id":2773,"name":"Tribenisusta"},{"id":2774,"name":"Upallo Arkhale"}]