[{"id":"0","name":"Select MUN\/VDC"},{"id":3523,"name":"Banjh"},{"id":3524,"name":"Bhairabanath"},{"id":3525,"name":"Bhamchaur"},{"id":3526,"name":"Bhatekhola"},{"id":3527,"name":"Byasi"},{"id":3528,"name":"Chaudhari"},{"id":3529,"name":"Dahabagar"},{"id":3530,"name":"Dangaji"},{"id":3531,"name":"Datola"},{"id":3532,"name":"Daulichaur"},{"id":3533,"name":"Deulekh"},{"id":3534,"name":"Deulikot"},{"id":3535,"name":"Dhamena"},{"id":3536,"name":"Gadaraya"},{"id":3537,"name":"Jayaprithvi Municipality"},{"id":3538,"name":"Kadel"},{"id":3539,"name":"Kailash"},{"id":3540,"name":"Kalukheti"},{"id":3541,"name":"Kanda"},{"id":3542,"name":"Kaphalaseri"},{"id":3543,"name":"Khiratadi"},{"id":3544,"name":"Koiralakot"},{"id":3545,"name":"Kot Bhairab"},{"id":3546,"name":"Kotdewal"},{"id":3547,"name":"Lamatola"},{"id":3548,"name":"Lekgau"},{"id":3549,"name":"Majhigau"},{"id":3550,"name":"Malumela"},{"id":3551,"name":"Mashdev"},{"id":3552,"name":"Matela"},{"id":3553,"name":"Maulali"},{"id":3554,"name":"Melbisauni"},{"id":3555,"name":"Parakatne"},{"id":3556,"name":"Patadewal"},{"id":3557,"name":"Pauwagadhi"},{"id":3558,"name":"Pipalkot"},{"id":3559,"name":"Rayal"},{"id":3560,"name":"Rilu"},{"id":3561,"name":"Sainpasela"},{"id":3562,"name":"Sunikot"},{"id":3563,"name":"Sunkuda"},{"id":3564,"name":"Surma"},{"id":3565,"name":"Syandi"}]