[{"id":"0","name":"Select MUN\/VDC"},{"id":3630,"name":"Banja Kakani"},{"id":3631,"name":"Banlek"},{"id":3632,"name":"Barchhen"},{"id":3633,"name":"Basudevi"},{"id":3634,"name":"Bhumirajmadau"},{"id":3635,"name":"Chawara Chautara"},{"id":3636,"name":"Chhapali"},{"id":3637,"name":"Chhatiwan"},{"id":3638,"name":"Dahakalikasthan"},{"id":3639,"name":"Daud"},{"id":3640,"name":"Dhanglagau"},{"id":3641,"name":"Dhirkamandau"},{"id":3642,"name":"Dipayal Silgadhi Municipality"},{"id":3643,"name":"Durgamadau"},{"id":3644,"name":"Gadasera"},{"id":3645,"name":"Gaguda"},{"id":3646,"name":"Gaihragau"},{"id":3647,"name":"Ganjari"},{"id":3648,"name":"Ghanteswor"},{"id":3649,"name":"Girichauka"},{"id":3650,"name":"Jijodamandau"},{"id":3651,"name":"Kadamadaun"},{"id":3652,"name":"Kalena"},{"id":3653,"name":"Kalikasthan"},{"id":3654,"name":"Kanachaur"},{"id":3655,"name":"Kapalleki"},{"id":3656,"name":"Kedar Akhada"},{"id":3657,"name":"Khatiwada"},{"id":3658,"name":"Khirsain"},{"id":3659,"name":"Ladagada"},{"id":3660,"name":"Lamikhal"},{"id":3661,"name":"Lana Kedareswor"},{"id":3662,"name":"Latamandau"},{"id":3663,"name":"Laxmi Nagar"},{"id":3664,"name":"Mahadevsthan"},{"id":3665,"name":"Mannakapadi"},{"id":3666,"name":"Mudabhara"},{"id":3667,"name":"Mudhegau"},{"id":3668,"name":"Nirauli"},{"id":3669,"name":"Pachanali"},{"id":3670,"name":"Pokhari"},{"id":3671,"name":"Ranagau"},{"id":3672,"name":"Sanagau"},{"id":3673,"name":"Saraswotinagar"},{"id":3674,"name":"Satphari"},{"id":3675,"name":"Simchaur"},{"id":3676,"name":"Tijali"},{"id":3677,"name":"Tikhatar"},{"id":3678,"name":"Toleni"},{"id":3679,"name":"Wagalek"},{"id":3680,"name":"Warpata"}]