[{"id":"0","name":"Select MUN\/VDC"},{"id":2428,"name":"Arman"},{"id":2429,"name":"Babiyachaur"},{"id":2430,"name":"Baranja"},{"id":2431,"name":"Begkhola"},{"id":2432,"name":"Beni Municipality"},{"id":2433,"name":"Bhakimli"},{"id":2434,"name":"Bhurung Tatopani"},{"id":2435,"name":"Bim"},{"id":2436,"name":"Chimkhola"},{"id":2437,"name":"Dagnam"},{"id":2438,"name":"Dana"},{"id":2439,"name":"Darwang"},{"id":2440,"name":"Devisthan"},{"id":2441,"name":"Dowa"},{"id":2442,"name":"Ghar"},{"id":2443,"name":"Gurja Khani"},{"id":2444,"name":"Histhan Mandali"},{"id":2445,"name":"Jhin"},{"id":2446,"name":"Kuhun"},{"id":2447,"name":"Kuinemangale"},{"id":2448,"name":"Lulang"},{"id":2449,"name":"Malkwang"},{"id":2450,"name":"Marang"},{"id":2451,"name":"Mudi"},{"id":2452,"name":"Muna"},{"id":2453,"name":"Narchyang"},{"id":2454,"name":"Niskot"},{"id":2455,"name":"Okharbot"},{"id":2456,"name":"Pakhapani"},{"id":2457,"name":"Patlekhet"},{"id":2458,"name":"Rakhu Bhagawati"},{"id":2459,"name":"Rakhupiple"},{"id":2460,"name":"Ramche"},{"id":2461,"name":"Room"},{"id":2462,"name":"Shikha"},{"id":2463,"name":"Takam"}]