[{"id":"0","name":"Select MUN\/VDC"},{"id":946,"name":"Andupatti"},{"id":947,"name":"Aurahi"},{"id":948,"name":"Bafai"},{"id":949,"name":"Baghchaura"},{"id":950,"name":"Baheda Bela"},{"id":951,"name":"Bahuarba"},{"id":952,"name":"Balabakhar"},{"id":953,"name":"Balaha Kathal"},{"id":954,"name":"Balaha Sadhara"},{"id":955,"name":"Ballagoth"},{"id":956,"name":"Baniniya"},{"id":957,"name":"Baramajhiya"},{"id":958,"name":"Basahiya"},{"id":959,"name":"Basbitti"},{"id":960,"name":"Bateswor"},{"id":961,"name":"Bega Shivapur"},{"id":962,"name":"Begadawar"},{"id":963,"name":"Bharatpur"},{"id":964,"name":"Bhuchakrapur"},{"id":965,"name":"Bhutahipaterwa"},{"id":966,"name":"Bindhi"},{"id":967,"name":"Bisarmora"},{"id":968,"name":"Chakkar"},{"id":969,"name":"Chireshowrnath Municipality"},{"id":970,"name":"Chora Koilpur"},{"id":971,"name":"Debadiha"},{"id":972,"name":"Deuri Parbaha"},{"id":973,"name":"Devpura Rupetha"},{"id":974,"name":"Dhabouli"},{"id":975,"name":"Dhalkebar"},{"id":976,"name":"Dhanauji"},{"id":977,"name":"Dhanusadham Municipality"},{"id":978,"name":"Dubarikot Hathiletwa"},{"id":979,"name":"Duhabi"},{"id":980,"name":"Ekarahi"},{"id":981,"name":"Fulgama"},{"id":982,"name":"Ghodghans"},{"id":983,"name":"Giddha"},{"id":984,"name":"Godar"},{"id":985,"name":"Gopalpur"},{"id":986,"name":"Goth Kohelpur"},{"id":987,"name":"Hansapur Kathpula"},{"id":988,"name":"Harine"},{"id":989,"name":"Hathipurharbara"},{"id":990,"name":"Inarwa"},{"id":991,"name":"Itaharwa"},{"id":992,"name":"Janakpur Municipality"},{"id":993,"name":"Jhatiyahi"},{"id":994,"name":"Jhoji Kataiya"},{"id":995,"name":"Kachuri Thera"},{"id":996,"name":"Kajara Ramaul"},{"id":997,"name":"Kanakpatti"},{"id":998,"name":"Khajuri Chanha"},{"id":999,"name":"Khariyani"},{"id":1000,"name":"Kurtha"},{"id":1001,"name":"Labatoli"},{"id":1002,"name":"Lagmagadhaguthi"},{"id":1003,"name":"Lakhouri"},{"id":1004,"name":"Lakkad"},{"id":1005,"name":"Laxminiwas"},{"id":1006,"name":"Laxmipurbagewa"},{"id":1007,"name":"Lohana"},{"id":1008,"name":"Machijhitkaiya"},{"id":1009,"name":"Mahuwa (Pra. Khe.)"},{"id":1010,"name":"Mahuwa (Pra. Ko.)"},{"id":1011,"name":"Makhanaha"},{"id":1012,"name":"Manshingpatti"},{"id":1013,"name":"Mithileshwor Mauwahi"},{"id":1014,"name":"Mithileshwor Nikas"},{"id":1015,"name":"Mukhiyapatti Musaharniya"},{"id":1016,"name":"Nagaraeen"},{"id":1017,"name":"Nakatajhijh"},{"id":1018,"name":"Nanupatti"},{"id":1019,"name":"Nauwakhor Prashahi"},{"id":1020,"name":"Pachaharwa"},{"id":1021,"name":"Patanuka"},{"id":1022,"name":"Paterwa"},{"id":1023,"name":"Paudeswor"},{"id":1024,"name":"Puspalpur"},{"id":1025,"name":"Raghunathpur"},{"id":1026,"name":"Sabela"},{"id":1027,"name":"Sapahi"},{"id":1028,"name":"Satosar"},{"id":1029,"name":"Shantipur"},{"id":1030,"name":"Singyahi Maidan"},{"id":1031,"name":"Sinurjoda"},{"id":1032,"name":"Sonigama"},{"id":1033,"name":"Suga Madhukarahi"},{"id":1034,"name":"Suga Nikash"},{"id":1035,"name":"Tarapatti Sirsiya"},{"id":1036,"name":"Thadi Jhija"},{"id":1037,"name":"Thilla Yaduwa"},{"id":1038,"name":"Tulsi Chauda"},{"id":1039,"name":"Tulsiyahi Nikas"},{"id":1040,"name":"Tulsiyani Jabdi"},{"id":1041,"name":"Yadukush"}]