[{"id":"0","name":"Select MUN\/VDC"},{"id":3365,"name":"Bhijer"},{"id":3366,"name":"Chharka"},{"id":3367,"name":"Dho"},{"id":3368,"name":"Dunai"},{"id":3369,"name":"Jufal"},{"id":3370,"name":"Kaigaun"},{"id":3371,"name":"Kalika"},{"id":3372,"name":"Lawan"},{"id":3373,"name":"Lhna"},{"id":3374,"name":"Likhu"},{"id":3375,"name":"Majhfal"},{"id":3376,"name":"Mukot"},{"id":3377,"name":"Narku"},{"id":3378,"name":"Pahada"},{"id":3379,"name":"Phoksundo"},{"id":3380,"name":"Raha"},{"id":3381,"name":"Rimi"},{"id":3382,"name":"Sahartara"},{"id":3383,"name":"Saldang"},{"id":3384,"name":"Sarmi"},{"id":3385,"name":"Sunhoo"},{"id":3386,"name":"Tinje"},{"id":3387,"name":"Tripurakot"}]