[{"id":"0","name":"Select MUN\/VDC"},{"id":626,"name":"Ainselukharka"},{"id":627,"name":"Arkhaule"},{"id":628,"name":"Badahare"},{"id":629,"name":"Badaka Diyale"},{"id":630,"name":"Bahunidanda"},{"id":631,"name":"Bakachol"},{"id":632,"name":"Baksila"},{"id":633,"name":"Barahapokhari"},{"id":634,"name":"Baspani"},{"id":635,"name":"Batase"},{"id":636,"name":"Bijaya Kharka"},{"id":637,"name":"Buipa"},{"id":638,"name":"Chhitapokhari"},{"id":639,"name":"Chhorambu"},{"id":640,"name":"Chipring"},{"id":641,"name":"Chisapani"},{"id":642,"name":"Chyandada"},{"id":643,"name":"Chyasmitar"},{"id":644,"name":"Damarkhushivalaya"},{"id":645,"name":"Dandagaun"},{"id":646,"name":"Devisthan"},{"id":647,"name":"Dhitung"},{"id":648,"name":"Diktel Municipality"},{"id":649,"name":"Dikuwa"},{"id":650,"name":"Diplung"},{"id":651,"name":"Dorpachiuridada"},{"id":652,"name":"Dubekoldada"},{"id":653,"name":"Dumre Dharapani"},{"id":654,"name":"Durchhim"},{"id":655,"name":"Faktang"},{"id":656,"name":"Haunchur"},{"id":657,"name":"Indranipokhari"},{"id":658,"name":"Jalapa"},{"id":659,"name":"Jaleswori"},{"id":660,"name":"Jyamire"},{"id":661,"name":"Kahule"},{"id":662,"name":"Kharmi"},{"id":663,"name":"Kharpa"},{"id":664,"name":"Khartanchha"},{"id":665,"name":"Khidima"},{"id":666,"name":"Khotangbazar"},{"id":667,"name":"Kuvinde"},{"id":668,"name":"Lamidada"},{"id":669,"name":"Lichkiramche"},{"id":670,"name":"Linkuwapokhari"},{"id":671,"name":"Magpa"},{"id":672,"name":"Mahadevasthan"},{"id":673,"name":"Mangaltar"},{"id":674,"name":"Mattim Birta"},{"id":675,"name":"Mauwabote"},{"id":676,"name":"Nerpa"},{"id":677,"name":"Nirmalidada"},{"id":678,"name":"Nunthala"},{"id":679,"name":"Patheka"},{"id":680,"name":"Pauwasera"},{"id":681,"name":"Phedi"},{"id":682,"name":"R.Maheswori"},{"id":683,"name":"Rajapani"},{"id":684,"name":"Rakha Bangdel"},{"id":685,"name":"Rakha Dipsung"},{"id":686,"name":"Ratanchha"},{"id":687,"name":"Sa.Chhitapokhari"},{"id":688,"name":"Salle"},{"id":689,"name":"Sapteswor"},{"id":690,"name":"Saunechaur"},{"id":691,"name":"Sawakatahare"},{"id":692,"name":"Simpani"},{"id":693,"name":"Sungdel"},{"id":694,"name":"Suntale"},{"id":695,"name":"Temma"},{"id":696,"name":"Woplukha"},{"id":697,"name":"Wopung"},{"id":698,"name":"Yamkha"}]