[{"id":"0","name":"Select MUN\/VDC"},{"id":451,"name":"Ankhibhui"},{"id":452,"name":"Bahrabise"},{"id":453,"name":"Bala"},{"id":454,"name":"Bana"},{"id":455,"name":"Chainpur Municipality"},{"id":456,"name":"Chepuwa"},{"id":457,"name":"Dhupu"},{"id":458,"name":"Diding"},{"id":459,"name":"Hatiya"},{"id":460,"name":"Jaljala"},{"id":461,"name":"Keemathnka"},{"id":462,"name":"Khandbari Municipality"},{"id":463,"name":"Madi Mulkharka"},{"id":464,"name":"Madi Rambeni"},{"id":465,"name":"Makalu"},{"id":466,"name":"Mamling"},{"id":467,"name":"Mangtewa"},{"id":468,"name":"Matsya Pokhari"},{"id":469,"name":"Mawadin"},{"id":470,"name":"Num"},{"id":471,"name":"Nundhaki"},{"id":472,"name":"Pathibhara"},{"id":473,"name":"Pawakhola"},{"id":474,"name":"Sabha Pokhari"},{"id":475,"name":"Sisuwakhola"},{"id":476,"name":"Sitalpati"},{"id":477,"name":"Syabun"},{"id":478,"name":"Tamafok"},{"id":479,"name":"Tamku"},{"id":480,"name":"Yafu"}]