[{"id":"0","name":"Select MUN\/VDC"},{"id":337,"name":"Amaduwa"},{"id":338,"name":"Amahibelaha"},{"id":339,"name":"Aurabani"},{"id":340,"name":"Babiya"},{"id":341,"name":"Bakalauri"},{"id":342,"name":"Barahachhetra"},{"id":343,"name":"Basantapur"},{"id":344,"name":"Bhadgaun Sinawari"},{"id":345,"name":"Bharaul"},{"id":346,"name":"Bhokraha"},{"id":347,"name":"Bishnupaduka"},{"id":348,"name":"Chandwela"},{"id":349,"name":"Chhitaha"},{"id":350,"name":"Chimadi"},{"id":351,"name":"Dewanganj"},{"id":352,"name":"Dharan Municipality"},{"id":353,"name":"Duhabi-Bhaluwa Municipality"},{"id":354,"name":"Dumraha"},{"id":355,"name":"Ekamba"},{"id":356,"name":"Gautampur"},{"id":357,"name":"Ghuskee"},{"id":358,"name":"Hansaposa"},{"id":359,"name":"Harinagara"},{"id":360,"name":"Haripur"},{"id":361,"name":"Inaruwa Municipality"},{"id":362,"name":"Itahari Municipality"},{"id":363,"name":"Jalpapur"},{"id":364,"name":"Kaptanganj"},{"id":365,"name":"Khanar"},{"id":366,"name":"Laukahi"},{"id":367,"name":"Madhelee"},{"id":368,"name":"Madhesa"},{"id":369,"name":"Madhuwan"},{"id":370,"name":"Madhyaharshahi"},{"id":371,"name":"Mahendranagar"},{"id":372,"name":"Narsinghatappu"},{"id":373,"name":"Pakali"},{"id":374,"name":"Panchakanya"},{"id":375,"name":"Pashchim Kushaha"},{"id":376,"name":"Prakashpur"},{"id":377,"name":"Purbakushaha"},{"id":378,"name":"Rajganj Sinuwari"},{"id":379,"name":"Ramganj Belgachhi"},{"id":380,"name":"Ramnagar Bhutaha"},{"id":381,"name":"Sahebganj"},{"id":382,"name":"Satterjhora"},{"id":383,"name":"Simariya"},{"id":384,"name":"Singiya"},{"id":385,"name":"Sonapur"},{"id":386,"name":"Sripurjabdi"},{"id":387,"name":"Tanamuna"}]