[{"id":"0","name":"Select MUN\/VDC"},{"id":145,"name":"Aangna"},{"id":146,"name":"Aangsarang"},{"id":147,"name":"Aarubote"},{"id":148,"name":"Amarpur"},{"id":149,"name":"Bharapa"},{"id":150,"name":"Chilingdin"},{"id":151,"name":"Chyangthapu"},{"id":152,"name":"Durdimba"},{"id":153,"name":"Ekteen"},{"id":154,"name":"Embung"},{"id":155,"name":"Hangum"},{"id":156,"name":"Kurumba"},{"id":157,"name":"Limba"},{"id":158,"name":"Lumphabung"},{"id":159,"name":"Lungrupa"},{"id":160,"name":"Mangjabung"},{"id":161,"name":"Mauwa"},{"id":162,"name":"Memeng"},{"id":163,"name":"Nagi"},{"id":164,"name":"Nangeen"},{"id":165,"name":"Nawamidanda"},{"id":166,"name":"Olane"},{"id":167,"name":"Oyam"},{"id":168,"name":"Panchami"},{"id":169,"name":"Pauwa Sartap"},{"id":170,"name":"Phaktep"},{"id":171,"name":"Phalaincha"},{"id":172,"name":"Phidim Municipality"},{"id":173,"name":"Prangbung"},{"id":174,"name":"Rabi"},{"id":175,"name":"Rani Gaun"},{"id":176,"name":"Ranitar"},{"id":177,"name":"Sarang Danda"},{"id":178,"name":"Sidin"},{"id":179,"name":"Subhang"},{"id":180,"name":"Syabrumba"},{"id":181,"name":"Tharpu"},{"id":182,"name":"Yanganam"},{"id":183,"name":"Yasok"}]