[{"id":"0","name":"Select MUN\/VDC"},{"id":1732,"name":"Aginchok"},{"id":1733,"name":"Baireni"},{"id":1734,"name":"Baseri"},{"id":1735,"name":"Benighat"},{"id":1736,"name":"Bhumesthan"},{"id":1737,"name":"Budhathum"},{"id":1738,"name":"Chainpur"},{"id":1739,"name":"Chhatredeurali"},{"id":1740,"name":"Darkha"},{"id":1741,"name":"Dhola"},{"id":1742,"name":"Dhussa"},{"id":1743,"name":"Dhuwakot"},{"id":1744,"name":"Gajuri"},{"id":1745,"name":"Goganpani"},{"id":1746,"name":"Gumdi"},{"id":1747,"name":"Jeewanpur"},{"id":1748,"name":"Jharlang"},{"id":1749,"name":"Jogimara"},{"id":1750,"name":"Jyamrung"},{"id":1751,"name":"Kalleri"},{"id":1752,"name":"Katunje"},{"id":1753,"name":"Kewalpur"},{"id":1754,"name":"Khalte"},{"id":1755,"name":"Khari"},{"id":1756,"name":"Kiranchok"},{"id":1757,"name":"Kumpur"},{"id":1758,"name":"Lapa"},{"id":1759,"name":"Mahadevsthan"},{"id":1760,"name":"Maidi"},{"id":1761,"name":"Marpak"},{"id":1762,"name":"Mulpani"},{"id":1763,"name":"Nalang"},{"id":1764,"name":"Naubise"},{"id":1765,"name":"Nilkantha Municipality"},{"id":1766,"name":"Phulkharka"},{"id":1767,"name":"Pida"},{"id":1768,"name":"Ree Gaun"},{"id":1769,"name":"Salang"},{"id":1770,"name":"Salyankot"},{"id":1771,"name":"Salyantar"},{"id":1772,"name":"Satyadevi"},{"id":1773,"name":"Semjong"},{"id":1774,"name":"Sertung"},{"id":1775,"name":"Tasarpu"},{"id":1776,"name":"Thakre"},{"id":1777,"name":"Tipling"},{"id":1778,"name":"Tripureswor"}]