[{"id":"0","name":"Select MUN\/VDC"},{"id":3566,"name":"Babala"},{"id":3567,"name":"Bannatoli"},{"id":3568,"name":"Baradadivi"},{"id":3569,"name":"Basti"},{"id":3570,"name":"Batulasen"},{"id":3571,"name":"Bayala"},{"id":3572,"name":"Bhairabsthan"},{"id":3573,"name":"Bhatakatiya"},{"id":3574,"name":"Bhuli"},{"id":3575,"name":"Binayak"},{"id":3576,"name":"Bindhyawasini"},{"id":3577,"name":"Birpath"},{"id":3578,"name":"Budhakot"},{"id":3579,"name":"Chalsa"},{"id":3580,"name":"Chaphamandau"},{"id":3581,"name":"Darna"},{"id":3582,"name":"Devisthan"},{"id":3583,"name":"Dhakari"},{"id":3584,"name":"Dhaku"},{"id":3585,"name":"Dhamali"},{"id":3586,"name":"Dhodasain"},{"id":3587,"name":"Dhudharukot"},{"id":3588,"name":"Dhungachalna"},{"id":3589,"name":"Duni"},{"id":3590,"name":"Gajara"},{"id":3591,"name":"Hatikot"},{"id":3592,"name":"Hichma"},{"id":3593,"name":"Janalikot"},{"id":3594,"name":"Kalagau"},{"id":3595,"name":"Kalekanda"},{"id":3596,"name":"Kalika"},{"id":3597,"name":"Kalikasthan"},{"id":3598,"name":"Khaptad"},{"id":3599,"name":"Khodasadevi"},{"id":3600,"name":"Kuika"},{"id":3601,"name":"Kushkot"},{"id":3602,"name":"Layati"},{"id":3603,"name":"Lungra"},{"id":3604,"name":"Malatikot"},{"id":3605,"name":"Mangalsen Municipality"},{"id":3606,"name":"Marku"},{"id":3607,"name":"Mashtanamdali"},{"id":3608,"name":"Nada"},{"id":3609,"name":"Nandegada"},{"id":3610,"name":"Patalkot"},{"id":3611,"name":"Payal"},{"id":3612,"name":"Pulletala"},{"id":3613,"name":"Rahaph"},{"id":3614,"name":"Ramarosan"},{"id":3615,"name":"Raniban"},{"id":3616,"name":"Risidaha"},{"id":3617,"name":"Sanphebagar Municipality"},{"id":3618,"name":"Santada"},{"id":3619,"name":"Sera"},{"id":3620,"name":"Siudi"},{"id":3621,"name":"Soukat"},{"id":3622,"name":"Sutar"},{"id":3623,"name":"Thanti"},{"id":3624,"name":"Timilsain"},{"id":3625,"name":"Toli"},{"id":3626,"name":"Tosi"},{"id":3627,"name":"Turmakhad"},{"id":3628,"name":"Walant"},{"id":3629,"name":"Warla"}]