[{"id":"0","name":"Select MUN\/VDC"},{"id":96,"name":"Ambegudin"},{"id":97,"name":"Angkhop"},{"id":98,"name":"Chaksibote"},{"id":99,"name":"Change"},{"id":100,"name":"Dhungesanghu"},{"id":101,"name":"Dummrise"},{"id":102,"name":"Ekhabu"},{"id":103,"name":"Hangdewa"},{"id":104,"name":"Hangpang"},{"id":105,"name":"Kalikhola"},{"id":106,"name":"Khamlung"},{"id":107,"name":"Khejenim"},{"id":108,"name":"Khewang"},{"id":109,"name":"Khokling"},{"id":110,"name":"Lelep"},{"id":111,"name":"Limbudin"},{"id":112,"name":"Lingtep"},{"id":113,"name":"Linkhim"},{"id":114,"name":"Liwang"},{"id":115,"name":"Mamangkhe"},{"id":116,"name":"Mehele"},{"id":117,"name":"Nalbu"},{"id":118,"name":"Nangkholyang"},{"id":119,"name":"Nidhuradin"},{"id":120,"name":"Olangchung Gola"},{"id":121,"name":"Papung"},{"id":122,"name":"Pedang"},{"id":123,"name":"Phakumba"},{"id":124,"name":"Phawakhola"},{"id":125,"name":"Phulbari"},{"id":126,"name":"Phurumbu"},{"id":127,"name":"Sablakhu"},{"id":128,"name":"Sadewa"},{"id":129,"name":"Sanghu"},{"id":130,"name":"Santhakra"},{"id":131,"name":"Sanwa"},{"id":132,"name":"Sawandin"},{"id":133,"name":"Sikaicha"},{"id":134,"name":"Sinam"},{"id":135,"name":"Surumkhim"},{"id":136,"name":"Tapethok"},{"id":137,"name":"Taplejung Municipality"},{"id":138,"name":"Tellok"},{"id":139,"name":"Thechambu"},{"id":140,"name":"Thinglabu"},{"id":141,"name":"Thukimma"},{"id":142,"name":"Thumbedin"},{"id":143,"name":"Tiringe"},{"id":144,"name":"Yamfudin"}]