[{"id":"0","name":"Select MUN\/VDC"},{"id":1533,"name":"Ashrang"},{"id":1534,"name":"Badikhel"},{"id":1535,"name":"Bhardev"},{"id":1536,"name":"Bhattedanda"},{"id":1537,"name":"Bisankhunarayan"},{"id":1538,"name":"Bukhel"},{"id":1539,"name":"Bungamati"},{"id":1540,"name":"Chandanpur"},{"id":1541,"name":"Chapagaun"},{"id":1542,"name":"Chhampi"},{"id":1543,"name":"Choughare"},{"id":1544,"name":"Dalchoki"},{"id":1545,"name":"Devichour"},{"id":1546,"name":"Dhapakhel"},{"id":1547,"name":"Dhusel"},{"id":1548,"name":"Dukuchhap"},{"id":1549,"name":"Gimdi"},{"id":1550,"name":"Godamchaur"},{"id":1551,"name":"Godawari"},{"id":1552,"name":"Gotikhel"},{"id":1553,"name":"Harisiddhi"},{"id":1554,"name":"Ikudol"},{"id":1555,"name":"Imadol"},{"id":1556,"name":"Jharuwarasi"},{"id":1557,"name":"Kaleswor"},{"id":1558,"name":"Khokana"},{"id":1559,"name":"Lalitpur Sub-metropolitan city"},{"id":1560,"name":"Lamatar"},{"id":1561,"name":"Lele"},{"id":1562,"name":"Lubhu"},{"id":1563,"name":"Malta"},{"id":1564,"name":"Manikhel"},{"id":1565,"name":"Nallu"},{"id":1566,"name":"Pyutar"},{"id":1567,"name":"Sainbu"},{"id":1568,"name":"Sankhu"},{"id":1569,"name":"Siddhipur"},{"id":1570,"name":"Sunakothi"},{"id":1571,"name":"Thaiba"},{"id":1572,"name":"Thecho"},{"id":1573,"name":"Thuladurlung"},{"id":1574,"name":"Tikathali"}]