[{"id":"0","name":"Select MUN\/VDC"},{"id":1319,"name":"Alampu"},{"id":1320,"name":"Babare"},{"id":1321,"name":"Bhedapu"},{"id":1322,"name":"Bhimeshwor Municipality"},{"id":1323,"name":"Bhirkot"},{"id":1324,"name":"Bhusafeda"},{"id":1325,"name":"Bigu"},{"id":1326,"name":"Bocha"},{"id":1327,"name":"Bulung"},{"id":1328,"name":"Chankhu"},{"id":1329,"name":"Chhetrapa"},{"id":1330,"name":"Chilankha"},{"id":1331,"name":"Chyama"},{"id":1332,"name":"Dandakharka"},{"id":1333,"name":"Fasku"},{"id":1334,"name":"Gairimudi"},{"id":1335,"name":"Gauri Sankar"},{"id":1336,"name":"Ghyang Sukathokar"},{"id":1337,"name":"Hawa"},{"id":1338,"name":"Japhe"},{"id":1339,"name":"Jhule"},{"id":1340,"name":"Jhyaku"},{"id":1341,"name":"Jiri"},{"id":1342,"name":"Jungu"},{"id":1343,"name":"Kabhre"},{"id":1344,"name":"Kalinchowk"},{"id":1345,"name":"Katakuti"},{"id":1346,"name":"Khare"},{"id":1347,"name":"Khopachagu"},{"id":1348,"name":"Laduk"},{"id":1349,"name":"Lakuridanda"},{"id":1350,"name":"Lamabagar"},{"id":1351,"name":"Lamidanda"},{"id":1352,"name":"Lapilang"},{"id":1353,"name":"Magapauwa"},{"id":1354,"name":"Mali"},{"id":1355,"name":"Malu"},{"id":1356,"name":"Marbu"},{"id":1357,"name":"Melung"},{"id":1358,"name":"Mirge"},{"id":1359,"name":"Namdu"},{"id":1360,"name":"Orang"},{"id":1361,"name":"Pawati"},{"id":1362,"name":"Sahare"},{"id":1363,"name":"Sailungeswor"},{"id":1364,"name":"Sundrawati"},{"id":1365,"name":"Sunkhani"},{"id":1366,"name":"Suri"},{"id":1367,"name":"Suspa Kshyamawati"},{"id":1368,"name":"Syama"},{"id":1369,"name":"Tamchet Dudhpokhari"},{"id":1370,"name":"Thulopatal"}]