[{"id":"0","name":"Select MUN\/VDC"},{"id":1914,"name":"Amab"},{"id":1915,"name":"Amarpatti"},{"id":1916,"name":"Amlekhganj"},{"id":1917,"name":"Amritgang"},{"id":1918,"name":"Babuain"},{"id":1919,"name":"Bachhanpurwa"},{"id":1920,"name":"Badaki Fulbariya"},{"id":1921,"name":"Bagahi"},{"id":1922,"name":"Baghawan"},{"id":1923,"name":"Bahuari"},{"id":1924,"name":"Balirampur"},{"id":1925,"name":"Banjariya"},{"id":1926,"name":"Barainiya"},{"id":1927,"name":"Bariyarpur"},{"id":1928,"name":"Basatpur"},{"id":1929,"name":"Batara"},{"id":1930,"name":"Beldari"},{"id":1931,"name":"Benauli"},{"id":1932,"name":"Bhagwanpur"},{"id":1933,"name":"Bhaluhi Bharbaliya"},{"id":1934,"name":"Bhatauda"},{"id":1935,"name":"Bhodaha"},{"id":1936,"name":"Bishrampur"},{"id":1937,"name":"Bishunpur"},{"id":1938,"name":"Bishunpurwa"},{"id":1939,"name":"Buniyad"},{"id":1940,"name":"Chhatawa"},{"id":1941,"name":"Dahiyar"},{"id":1942,"name":"Dewapur"},{"id":1943,"name":"Dharma Nagar"},{"id":1944,"name":"Dohari"},{"id":1945,"name":"Gadhahal"},{"id":1946,"name":"Gadimai Municipality"},{"id":1947,"name":"Ganj Bhawanipur"},{"id":1948,"name":"Golaganj"},{"id":1949,"name":"Haraiya"},{"id":1950,"name":"Hardiya"},{"id":1951,"name":"Hariharpur"},{"id":1952,"name":"Inarwamal"},{"id":1953,"name":"Inarwasira"},{"id":1954,"name":"Itiyahi"},{"id":1955,"name":"Jhitakaiya(Dakshin)"},{"id":1956,"name":"Jhitakaiya(Uttar)"},{"id":1957,"name":"Kabahigoth"},{"id":1958,"name":"Kabahijabdi"},{"id":1959,"name":"Kachorwa"},{"id":1960,"name":"Kakadi"},{"id":1961,"name":"Kalaiya Municipality"},{"id":1962,"name":"Karaiya"},{"id":1963,"name":"Khopawa"},{"id":1964,"name":"Khutwajabdi"},{"id":1965,"name":"Kolhabi"},{"id":1966,"name":"Kudawa"},{"id":1967,"name":"Laxmipur Kotwali"},{"id":1968,"name":"Lipanimal"},{"id":1969,"name":"Madhurijabdi"},{"id":1970,"name":"Mahendra Adarsha"},{"id":1971,"name":"Maheshpur"},{"id":1972,"name":"Majhariya"},{"id":1973,"name":"Manaharwa"},{"id":1974,"name":"Matiarwa"},{"id":1975,"name":"Motisar"},{"id":1976,"name":"Narahi"},{"id":1977,"name":"Nijgad Municipality"},{"id":1978,"name":"Pakadiya Chikani"},{"id":1979,"name":"Paparpati Jabdi"},{"id":1980,"name":"Paterwa"},{"id":1981,"name":"Patharhati"},{"id":1982,"name":"Pathera"},{"id":1983,"name":"Pheta"},{"id":1984,"name":"Piparabirta"},{"id":1985,"name":"Piparpati Parchrouwa"},{"id":1986,"name":"Pipra Basantapur"},{"id":1987,"name":"Pipradhi Goth"},{"id":1988,"name":"Prasauna"},{"id":1989,"name":"Prasauni"},{"id":1990,"name":"Prastoka"},{"id":1991,"name":"Prasurampur"},{"id":1992,"name":"Purainiya"},{"id":1993,"name":"Raghunathpur"},{"id":1994,"name":"Rampur Tokani"},{"id":1995,"name":"Rampurwa"},{"id":1996,"name":"Rauwahi"},{"id":1997,"name":"Sapahi"},{"id":1998,"name":"Shreenagar Bairiya"},{"id":1999,"name":"Sihorwa"},{"id":2000,"name":"Sinhasani"},{"id":2001,"name":"Sisahaniya"},{"id":2002,"name":"Tedhakatti"},{"id":2003,"name":"Telkuwa"},{"id":2004,"name":"Tetariya"},{"id":2005,"name":"Uchidiha"},{"id":2006,"name":"Umarjan"}]