[{"id":"0","name":"Select MUN\/VDC"},{"id":2090,"name":"Ayodhyapuri"},{"id":2091,"name":"Bachhauli"},{"id":2092,"name":"Bagauda"},{"id":2093,"name":"Bhandara"},{"id":2094,"name":"Bharatpur Municipality"},{"id":2095,"name":"Birendranagar"},{"id":2096,"name":"Chandi Bhanjyang"},{"id":2097,"name":"Chitrawan Municipality"},{"id":2098,"name":"Dahakhani"},{"id":2099,"name":"Darechok"},{"id":2100,"name":"Dibyanagar"},{"id":2101,"name":"Fulbari"},{"id":2102,"name":"Gardi"},{"id":2103,"name":"Gitanagar"},{"id":2104,"name":"Jagatpur"},{"id":2105,"name":"Jutpani"},{"id":2106,"name":"Kabilas"},{"id":2107,"name":"Kathar"},{"id":2108,"name":"Kaule"},{"id":2109,"name":"Khairahani Municipality"},{"id":2110,"name":"Korak"},{"id":2111,"name":"Lothar"},{"id":2112,"name":"Madi Kalyanpur"},{"id":2113,"name":"Mangalpur"},{"id":2114,"name":"Meghauli"},{"id":2115,"name":"Padampur"},{"id":2116,"name":"Parbatipur"},{"id":2117,"name":"Patihani"},{"id":2118,"name":"Piple"},{"id":2119,"name":"Pithuwa"},{"id":2120,"name":"Ratnanagar Municipality"},{"id":2121,"name":"Shaktikhor"},{"id":2122,"name":"Sibanagar"},{"id":2123,"name":"Siddi"},{"id":2124,"name":"Sukranagar"}]