[{"id":"0","name":"Select MUN\/VDC"},{"id":424,"name":"Angdeem"},{"id":425,"name":"Basantapur"},{"id":426,"name":"Chhate Dhunga"},{"id":427,"name":"Chuhandanda"},{"id":428,"name":"Dangapa"},{"id":429,"name":"Eseebu"},{"id":430,"name":"Ewa"},{"id":431,"name":"Hamarjung"},{"id":432,"name":"Hwaku"},{"id":433,"name":"Jaljale"},{"id":434,"name":"Khamlalung"},{"id":435,"name":"Morahang"},{"id":436,"name":"Myanglung Municipality"},{"id":437,"name":"Okhre"},{"id":438,"name":"Oyakjung"},{"id":439,"name":"Panchakanya Pokhari"},{"id":440,"name":"Phakchamara"},{"id":441,"name":"Phulek"},{"id":442,"name":"Pouthak"},{"id":443,"name":"Samdu"},{"id":444,"name":"Sankranti Bazar"},{"id":445,"name":"Shree Jung"},{"id":446,"name":"Simle"},{"id":447,"name":"Solma"},{"id":448,"name":"Sudap"},{"id":449,"name":"Sungnam"},{"id":450,"name":"Thoklung"}]