[{"id":"0","name":"Select MUN\/VDC"},{"id":3078,"name":"Badagaun"},{"id":3079,"name":"Bafukhola"},{"id":3080,"name":"Bajh Kanda"},{"id":3081,"name":"Bame"},{"id":3082,"name":"Bhalchaur"},{"id":3083,"name":"Chande"},{"id":3084,"name":"Chhayachhetra"},{"id":3085,"name":"Damachaur"},{"id":3086,"name":"Darmakot"},{"id":3087,"name":"Devsthal"},{"id":3088,"name":"Dhajari Pipal"},{"id":3089,"name":"Dhakadam"},{"id":3090,"name":"Dhanwang"},{"id":3091,"name":"Jimali"},{"id":3092,"name":"Kabhrechaur"},{"id":3093,"name":"Kalagaun"},{"id":3094,"name":"Kalimati Kalche"},{"id":3095,"name":"Kalimati Rampur"},{"id":3096,"name":"Karagithi"},{"id":3097,"name":"Kavra"},{"id":3098,"name":"Korbang Jhimpe"},{"id":3099,"name":"Kotbara"},{"id":3100,"name":"Kotmala"},{"id":3101,"name":"Kupinde Daha"},{"id":3102,"name":"Laxmipur"},{"id":3103,"name":"Lekhpokhara"},{"id":3104,"name":"Majh Kanda"},{"id":3105,"name":"Marmaparikanda"},{"id":3106,"name":"Mulkhola"},{"id":3107,"name":"Nigalchula"},{"id":3108,"name":"Phalawang"},{"id":3109,"name":"Pipal Neta"},{"id":3110,"name":"Rim"},{"id":3111,"name":"Sarpani Garpa"},{"id":3112,"name":"Sharada Municipality"},{"id":3113,"name":"Sibaratha"},{"id":3114,"name":"Siddheswar"},{"id":3115,"name":"Sinwang"},{"id":3116,"name":"Suikot"},{"id":3117,"name":"Tharmare"},{"id":3118,"name":"Tribeni"}]