[{"id":"0","name":"Select MUN\/VDC"},{"id":3469,"name":"Barai"},{"id":3470,"name":"Bargaun"},{"id":3471,"name":"Chhipra"},{"id":3472,"name":"Dandafaya"},{"id":3473,"name":"Darma"},{"id":3474,"name":"Gothi"},{"id":3475,"name":"Hepka"},{"id":3476,"name":"Jair"},{"id":3477,"name":"Kalika"},{"id":3478,"name":"Khagalgaun"},{"id":3479,"name":"Kharpunath"},{"id":3480,"name":"Lali"},{"id":3481,"name":"Limi"},{"id":3482,"name":"Madana"},{"id":3483,"name":"Maila"},{"id":3484,"name":"Melchham"},{"id":3485,"name":"Mimi"},{"id":3486,"name":"Muchu"},{"id":3487,"name":"Raya"},{"id":3488,"name":"Rodikot"},{"id":3489,"name":"Sarkeedeu"},{"id":3490,"name":"Saya"},{"id":3491,"name":"Shree Nagar"},{"id":3492,"name":"Shreemastha"},{"id":3493,"name":"Simikot"},{"id":3494,"name":"Syada"},{"id":3495,"name":"Thehe"}]