[{"id":"0","name":"Select MUN\/VDC"},{"id":2512,"name":"Akhikarichaur"},{"id":2513,"name":"Amalachaur"},{"id":2514,"name":"Amarbhumi"},{"id":2515,"name":"Argal"},{"id":2516,"name":"Arjewa"},{"id":2517,"name":"Baglung Municipality"},{"id":2518,"name":"Batakachaur"},{"id":2519,"name":"Bhakunde"},{"id":2520,"name":"Bhimpokhara"},{"id":2521,"name":"Bhinggithe"},{"id":2522,"name":"Bihunkot"},{"id":2523,"name":"Binamare"},{"id":2524,"name":"Boharagaun"},{"id":2525,"name":"Bongadovan"},{"id":2526,"name":"Bowang"},{"id":2527,"name":"Burtiwang"},{"id":2528,"name":"Chhisti"},{"id":2529,"name":"Dagatundada"},{"id":2530,"name":"Damek"},{"id":2531,"name":"Darling"},{"id":2532,"name":"Devisthan"},{"id":2533,"name":"Dhamja"},{"id":2534,"name":"Dhudhilabhati"},{"id":2535,"name":"Dhullu Gaidi"},{"id":2536,"name":"Dhullubaskot"},{"id":2537,"name":"Gwalichaur"},{"id":2538,"name":"Harichaur"},{"id":2539,"name":"Hatiya"},{"id":2540,"name":"Heel"},{"id":2541,"name":"Hugdisheer"},{"id":2542,"name":"Jaljala"},{"id":2543,"name":"Kandebas"},{"id":2544,"name":"Khunga"},{"id":2545,"name":"Khungkhani"},{"id":2546,"name":"Kusmishera"},{"id":2547,"name":"Lekhani"},{"id":2548,"name":"Malika"},{"id":2549,"name":"Malma"},{"id":2550,"name":"Narayansthan"},{"id":2551,"name":"Narethanti"},{"id":2552,"name":"Nisi"},{"id":2553,"name":"Paiyunpata"},{"id":2554,"name":"Paiyunthanthap"},{"id":2555,"name":"Palakot"},{"id":2556,"name":"Pandavkhani"},{"id":2557,"name":"Rajkut"},{"id":2558,"name":"Ranasinkiteni"},{"id":2559,"name":"Rangkhani"},{"id":2560,"name":"Rayadanda"},{"id":2561,"name":"Resh"},{"id":2562,"name":"Righa"},{"id":2563,"name":"Salyan"},{"id":2564,"name":"Sarkuwa"},{"id":2565,"name":"Singana"},{"id":2566,"name":"Sisakhani"},{"id":2567,"name":"Sukhaura"},{"id":2568,"name":"Taman"},{"id":2569,"name":"Tangram"},{"id":2570,"name":"Tara"},{"id":2571,"name":"Tityang"}]