[{"id":"0","name":"Select MUN\/VDC"},{"id":1779,"name":"Agara"},{"id":1780,"name":"Ambhanjyang"},{"id":1781,"name":"Basamadi"},{"id":1782,"name":"Betini"},{"id":1783,"name":"Bhaise"},{"id":1784,"name":"Bharta Pundyadevi"},{"id":1785,"name":"Bhimfedi"},{"id":1786,"name":"Budhichaur"},{"id":1787,"name":"Chitlang"},{"id":1788,"name":"Churiyamai"},{"id":1789,"name":"Dandakharka"},{"id":1790,"name":"Dhiyal"},{"id":1791,"name":"Fakhel"},{"id":1792,"name":"Faparbari"},{"id":1793,"name":"Gogane"},{"id":1794,"name":"Handikhola"},{"id":1795,"name":"Hatiya"},{"id":1796,"name":"Hetauda Municipality"},{"id":1797,"name":"Hurnamadi"},{"id":1798,"name":"Ipa Panchakanya"},{"id":1799,"name":"Kalikatar"},{"id":1800,"name":"Kankada"},{"id":1801,"name":"Khairang"},{"id":1802,"name":"Kogate"},{"id":1803,"name":"Kulekhani"},{"id":1804,"name":"Makwanpurgadhi"},{"id":1805,"name":"Manahari"},{"id":1806,"name":"Manthali"},{"id":1807,"name":"Markhu"},{"id":1808,"name":"Namtar"},{"id":1809,"name":"Nibuwatar"},{"id":1810,"name":"Padam Pokhari"},{"id":1811,"name":"Raigaun"},{"id":1812,"name":"Raksirang"},{"id":1813,"name":"Sarikhet Palase"},{"id":1814,"name":"Shikharpur"},{"id":1815,"name":"Shreepur Chhatiwan"},{"id":1816,"name":"Sisneri Mahadevsthan"},{"id":1817,"name":"Sukaura"},{"id":1818,"name":"Thaha Municipality"},{"id":1819,"name":"Thingan"},{"id":1820,"name":"Tistung Deurali"}]