[{"id":"0","name":"Select MUN\/VDC"},{"id":2775,"name":"Aama"},{"id":2776,"name":"Asuraina"},{"id":2777,"name":"Bagaha"},{"id":2778,"name":"Bagauli"},{"id":2779,"name":"Bairghat"},{"id":2780,"name":"Basantapur"},{"id":2781,"name":"Betakuiya"},{"id":2782,"name":"Bishnupura"},{"id":2783,"name":"Bodawar"},{"id":2784,"name":"Bogadi"},{"id":2785,"name":"Butwal Municipality"},{"id":2786,"name":"Chhipagadh"},{"id":2787,"name":"Chhotaki Ramnagar"},{"id":2788,"name":"Chilhiya"},{"id":2789,"name":"Dayanagar"},{"id":2790,"name":"Devdaha Municipality"},{"id":2791,"name":"Dhakadhai"},{"id":2792,"name":"Dhamauli"},{"id":2793,"name":"Gajedi"},{"id":2794,"name":"Gangoliya"},{"id":2795,"name":"Gonaha"},{"id":2796,"name":"Harnaiya"},{"id":2797,"name":"Hati Bangai"},{"id":2798,"name":"Hati Pharsatikar"},{"id":2799,"name":"Jogada"},{"id":2800,"name":"Kamahariya"},{"id":2801,"name":"Karauta"},{"id":2802,"name":"Khadawa Bangai"},{"id":2803,"name":"Lumbini Sanskritik Municipality"},{"id":2804,"name":"Mainahiya"},{"id":2805,"name":"Majhagawa"},{"id":2806,"name":"Manmateriya"},{"id":2807,"name":"Manpakadi"},{"id":2808,"name":"Maryadapur"},{"id":2809,"name":"Motipur"},{"id":2810,"name":"Padsari"},{"id":2811,"name":"Pajarkatti"},{"id":2812,"name":"Paschim Amuwa"},{"id":2813,"name":"Patakhauli"},{"id":2814,"name":"Pharena"},{"id":2815,"name":"Pokharvindi"},{"id":2816,"name":"Rayapur"},{"id":2817,"name":"Roinihawa"},{"id":2818,"name":"Rudrapur"},{"id":2819,"name":"Sadi"},{"id":2820,"name":"Sainamaina Municipality"},{"id":2821,"name":"Sakraun Pakadi"},{"id":2822,"name":"Saljhandi"},{"id":2823,"name":"Sauraha Pharsatikar"},{"id":2824,"name":"Semara Marchawar"},{"id":2825,"name":"Semlar"},{"id":2826,"name":"Siddharthanagar Municipality"},{"id":2827,"name":"Siktahan"},{"id":2828,"name":"Silautiya"},{"id":2829,"name":"Sipawa"},{"id":2830,"name":"Suryapura"},{"id":2831,"name":"Thumhawa Piparhawa"},{"id":2832,"name":"Tilottama Municipality"}]