[{"id":"0","name":"Select MUN\/VDC"},{"id":1117,"name":"Achalgadh"},{"id":1118,"name":"Arnaha"},{"id":1119,"name":"Aurahi"},{"id":1120,"name":"Babarganj"},{"id":1121,"name":"Bagdaha"},{"id":1122,"name":"Bahadurpur"},{"id":1123,"name":"Balara"},{"id":1124,"name":"Bara Udhoran"},{"id":1125,"name":"Barahathawa"},{"id":1126,"name":"Basantapur"},{"id":1127,"name":"Batraul"},{"id":1128,"name":"Belhi"},{"id":1129,"name":"Belwa Jabdi"},{"id":1130,"name":"Bhadsar"},{"id":1131,"name":"Bhagawatipur"},{"id":1132,"name":"Bhawanipur"},{"id":1133,"name":"Bhelhi"},{"id":1134,"name":"Brahmapuri"},{"id":1135,"name":"Chandra Nagar"},{"id":1136,"name":"Chhataul"},{"id":1137,"name":"Chhatona"},{"id":1138,"name":"Dhanakaul Pachhawari"},{"id":1139,"name":"Dhanakaul Purba"},{"id":1140,"name":"Dhangadha"},{"id":1141,"name":"Dhungrekhola"},{"id":1142,"name":"Dumariya"},{"id":1143,"name":"Farahadawa"},{"id":1144,"name":"Fulparasi"},{"id":1145,"name":"Gadahiyabairi"},{"id":1146,"name":"Gamhariya"},{"id":1147,"name":"Godeta"},{"id":1148,"name":"Gourishankar"},{"id":1149,"name":"Hajariya"},{"id":1150,"name":"Harakthawa"},{"id":1151,"name":"Haripur"},{"id":1152,"name":"Haripurwa"},{"id":1153,"name":"Hariwan Municipality"},{"id":1154,"name":"Hathiyol"},{"id":1155,"name":"Hempur"},{"id":1156,"name":"Ishworpur Municipality"},{"id":1157,"name":"Jamuniya"},{"id":1158,"name":"Janaki Nagar"},{"id":1159,"name":"Jingadawa"},{"id":1160,"name":"Kabilasi"},{"id":1161,"name":"Kalinjor"},{"id":1162,"name":"Karmaiya"},{"id":1163,"name":"Kaudena"},{"id":1164,"name":"Khirwa"},{"id":1165,"name":"Khoriya"},{"id":1166,"name":"Khutauna"},{"id":1167,"name":"Kisanpur"},{"id":1168,"name":"Lalbandi Municipaity Municipality"},{"id":1169,"name":"Laukath"},{"id":1170,"name":"Laxmipur Kodraha"},{"id":1171,"name":"Laxmipur Su."},{"id":1172,"name":"Madhubangoth"},{"id":1173,"name":"Madhubani"},{"id":1174,"name":"Mahinathpur"},{"id":1175,"name":"Malangawa Municipality"},{"id":1176,"name":"Manpur"},{"id":1177,"name":"Mirjapur"},{"id":1178,"name":"Mohanpur"},{"id":1179,"name":"Motipur"},{"id":1180,"name":"Murtiya"},{"id":1181,"name":"Musauli"},{"id":1182,"name":"Narayan Khola"},{"id":1183,"name":"Narayanpur"},{"id":1184,"name":"Netraganj"},{"id":1185,"name":"Noukailawa"},{"id":1186,"name":"Parsa"},{"id":1187,"name":"Parwanipur"},{"id":1188,"name":"Pidari"},{"id":1189,"name":"Pidariya"},{"id":1190,"name":"Pipariya"},{"id":1191,"name":"Rajghat"},{"id":1192,"name":"Ramban"},{"id":1193,"name":"Ramnagar Bahuarwa"},{"id":1194,"name":"Raniganj"},{"id":1195,"name":"Rohuwa"},{"id":1196,"name":"Sahodawa"},{"id":1197,"name":"Sakraul"},{"id":1198,"name":"Salempur"},{"id":1199,"name":"Sangrampur"},{"id":1200,"name":"Sankarpur"},{"id":1201,"name":"Shreepur"},{"id":1202,"name":"Sikhauna"},{"id":1203,"name":"Simara"},{"id":1204,"name":"Sisotiya"},{"id":1205,"name":"Sisout"},{"id":1206,"name":"Sudama"},{"id":1207,"name":"Sundarpur"},{"id":1208,"name":"Sundarpur Choharwa"},{"id":1209,"name":"Tribhuwan Nagar"}]