[{"id":"0","name":"Select MUN\/VDC"},{"id":2905,"name":"Adguri"},{"id":2906,"name":"Arghatos"},{"id":2907,"name":"Asurkot"},{"id":2908,"name":"Balkot"},{"id":2909,"name":"Bangi"},{"id":2910,"name":"Bhagawati"},{"id":2911,"name":"Chhatraganj"},{"id":2912,"name":"Chidika"},{"id":2913,"name":"Dhakawang"},{"id":2914,"name":"Dhanchaur"},{"id":2915,"name":"Dharapani"},{"id":2916,"name":"Dhatiwang"},{"id":2917,"name":"Dhikura"},{"id":2918,"name":"Gokhunga"},{"id":2919,"name":"Hansapur"},{"id":2920,"name":"Jaluke"},{"id":2921,"name":"Jukena"},{"id":2922,"name":"Kerunga"},{"id":2923,"name":"Khana"},{"id":2924,"name":"Khandaha"},{"id":2925,"name":"Khidim"},{"id":2926,"name":"Khilji"},{"id":2927,"name":"Maidan"},{"id":2928,"name":"Mareng"},{"id":2929,"name":"Nuwakot"},{"id":2930,"name":"Pali"},{"id":2931,"name":"Panena"},{"id":2932,"name":"Patauti"},{"id":2933,"name":"Pokharathok"},{"id":2934,"name":"Sandhikharka Municipality"},{"id":2935,"name":"Siddhara"},{"id":2936,"name":"Simalpani"},{"id":2937,"name":"Sitapur"},{"id":2938,"name":"Subarnakhal"},{"id":2939,"name":"Thada"},{"id":2940,"name":"Thulapokhara"}]