[{"id":"0","name":"Select MUN\/VDC"},{"id":3284,"name":"Awal Parajul"},{"id":3285,"name":"Badabhairab"},{"id":3286,"name":"Badakhola"},{"id":3287,"name":"Baluwatar"},{"id":3288,"name":"Bansi"},{"id":3289,"name":"Baraha"},{"id":3290,"name":"Belpata"},{"id":3291,"name":"Bhairi Kalikathum"},{"id":3292,"name":"Bhawani"},{"id":3293,"name":"Bindhyabasini"},{"id":3294,"name":"Bisalla"},{"id":3295,"name":"Chamunda"},{"id":3296,"name":"Chauratha"},{"id":3297,"name":"Dada Parajul"},{"id":3298,"name":"Dullu Municipality"},{"id":3299,"name":"Dwari"},{"id":3300,"name":"Gamaudi"},{"id":3301,"name":"Gauri"},{"id":3302,"name":"Goganpani"},{"id":3303,"name":"Jaganath"},{"id":3304,"name":"Jambukandh"},{"id":3305,"name":"Kal Bhairab"},{"id":3306,"name":"Kalika"},{"id":3307,"name":"Kasikandh"},{"id":3308,"name":"Katti"},{"id":3309,"name":"Khadgabada"},{"id":3310,"name":"Kharigaira"},{"id":3311,"name":"Kusapani"},{"id":3312,"name":"Lakandra"},{"id":3313,"name":"Lalikanda"},{"id":3314,"name":"Lankuri"},{"id":3315,"name":"Layati Bindrasaini"},{"id":3316,"name":"Malika"},{"id":3317,"name":"Meheltoli"},{"id":3318,"name":"Narayan Municipality"},{"id":3319,"name":"Naumule"},{"id":3320,"name":"Pagnath"},{"id":3321,"name":"Piladi"},{"id":3322,"name":"Pipalkot"},{"id":3323,"name":"Rakam Karnali"},{"id":3324,"name":"Raniban"},{"id":3325,"name":"Rawatkot"},{"id":3326,"name":"Ruma"},{"id":3327,"name":"Salleri"},{"id":3328,"name":"Sattala"},{"id":3329,"name":"Seri"},{"id":3330,"name":"Sigaudi"},{"id":3331,"name":"Sinhasain"},{"id":3332,"name":"Tilepata"},{"id":3333,"name":"Toli"},{"id":3334,"name":"Tolijaisi"}]