[{"id":"0","name":"Select MUN\/VDC"},{"id":3445,"name":"Bhiyee"},{"id":3446,"name":"Dhainakot"},{"id":3447,"name":"Dolphu"},{"id":3448,"name":"Gumtha"},{"id":3449,"name":"Hyanglu"},{"id":3450,"name":"Jima"},{"id":3451,"name":"Kalai"},{"id":3452,"name":"Karkibada"},{"id":3453,"name":"Khamale"},{"id":3454,"name":"Kimri"},{"id":3455,"name":"Kot Danda"},{"id":3456,"name":"Mangri"},{"id":3457,"name":"Mugu"},{"id":3458,"name":"Natharpu"},{"id":3459,"name":"Photu"},{"id":3460,"name":"Pina"},{"id":3461,"name":"Pulu"},{"id":3462,"name":"Rara"},{"id":3463,"name":"Rowa"},{"id":3464,"name":"Ruga"},{"id":3465,"name":"Seri"},{"id":3466,"name":"Shreekot"},{"id":3467,"name":"Shreenagar"},{"id":3468,"name":"Sukadhik"}]