[{"id":"0","name":"Select MUN\/VDC"},{"id":1210,"name":"Amale"},{"id":1211,"name":"Ambote"},{"id":1212,"name":"Arunthakur"},{"id":1213,"name":"Bahuntilpung"},{"id":1214,"name":"Balajor"},{"id":1215,"name":"Baseshwor"},{"id":1216,"name":"Bastipur"},{"id":1217,"name":"Belghari"},{"id":1218,"name":"Bhadrakali"},{"id":1219,"name":"Bhimeshwor"},{"id":1220,"name":"Bhimsthan"},{"id":1221,"name":"Bhuwaneshori Gwaltar"},{"id":1222,"name":"Bitijor Bagaiya"},{"id":1223,"name":"Dadiguranshe"},{"id":1224,"name":"Dudbhanjyang"},{"id":1225,"name":"Dudhouli"},{"id":1226,"name":"Hariharpur Gadhi"},{"id":1227,"name":"Harsahi"},{"id":1228,"name":"Hatpate"},{"id":1229,"name":"Jalkanya"},{"id":1230,"name":"Jarayotar"},{"id":1231,"name":"Jhangajholi Ratmata"},{"id":1232,"name":"Jinakhu"},{"id":1233,"name":"Kakur Thakur"},{"id":1234,"name":"Kalpabrishykha"},{"id":1235,"name":"Kamalamai Municipality"},{"id":1236,"name":"Kapilakot"},{"id":1237,"name":"Khang Sang"},{"id":1238,"name":"Kholagaun"},{"id":1239,"name":"Kuseswor Dumja"},{"id":1240,"name":"Kyaneshwor"},{"id":1241,"name":"Ladabhir"},{"id":1242,"name":"Lampantar"},{"id":1243,"name":"Mahadevdada"},{"id":1244,"name":"Mahadevsthan"},{"id":1245,"name":"Mahendra jhyadi"},{"id":1246,"name":"Majhuwa"},{"id":1247,"name":"Netrakali"},{"id":1248,"name":"Nipane"},{"id":1249,"name":"Pipalmadi"},{"id":1250,"name":"Purano Jhangajholi"},{"id":1251,"name":"Ranibas"},{"id":1252,"name":"Ranichuri"},{"id":1253,"name":"Ratanchura"},{"id":1254,"name":"Ratnawati"},{"id":1255,"name":"Santeswori (Rampur)"},{"id":1256,"name":"Sirthouli"},{"id":1257,"name":"Sitalpati"},{"id":1258,"name":"Solpathana"},{"id":1259,"name":"Sunam Pokhari"},{"id":1260,"name":"Tamajor"},{"id":1261,"name":"Tandi"},{"id":1262,"name":"Tinkanya"},{"id":1263,"name":"Tosramkhola"}]