[{"id":"0","name":"Select MUN\/VDC"},{"id":2354,"name":"Arba Vijaya"},{"id":2355,"name":"Armala"},{"id":2356,"name":"Bhachok"},{"id":2357,"name":"Bhadaure Tamagi"},{"id":2358,"name":"Bharat Pokhari"},{"id":2359,"name":"Chapakot"},{"id":2360,"name":"Dangsing"},{"id":2361,"name":"Deurali"},{"id":2362,"name":"Dhampus"},{"id":2363,"name":"Dhikur Pokhari"},{"id":2364,"name":"Dhital"},{"id":2365,"name":"Ghachok"},{"id":2366,"name":"Ghandruk"},{"id":2367,"name":"Hansapur"},{"id":2368,"name":"Hemja"},{"id":2369,"name":"Kahun"},{"id":2370,"name":"Kalika"},{"id":2371,"name":"Kaskikot"},{"id":2372,"name":"Kritinachne Chaur"},{"id":2373,"name":"Lahachok"},{"id":2374,"name":"Lamachaur"},{"id":2375,"name":"Lekhnath Municipality"},{"id":2376,"name":"Lumle"},{"id":2377,"name":"Lwangghalel"},{"id":2378,"name":"Machhapuchchhre"},{"id":2379,"name":"Majhthana"},{"id":2380,"name":"Mauja"},{"id":2381,"name":"Mijuredada"},{"id":2382,"name":"Namarjung"},{"id":2383,"name":"Nirmal Pokhari"},{"id":2384,"name":"Parche"},{"id":2385,"name":"Pokhara Sub-metropolitan City"},{"id":2386,"name":"Pumdibhumdi"},{"id":2387,"name":"Puranchaur"},{"id":2388,"name":"Ribhan"},{"id":2389,"name":"Rupakot"},{"id":2390,"name":"Saimarang"},{"id":2391,"name":"Salyan"},{"id":2392,"name":"Sarangkot"},{"id":2393,"name":"Sardikhola"},{"id":2394,"name":"Siddha"},{"id":2395,"name":"Sildujure"},{"id":2396,"name":"Thumakodada"},{"id":2397,"name":"Thumki"},{"id":2398,"name":"Valam"}]