[{"id":"0","name":"Select MUN\/VDC"},{"id":3496,"name":"Atichaur"},{"id":3497,"name":"Baddhu"},{"id":3498,"name":"Bai"},{"id":3499,"name":"Barhabis"},{"id":3500,"name":"Bichhaiya"},{"id":3501,"name":"Bramhatola"},{"id":3502,"name":"Budhiganga"},{"id":3503,"name":"Chhatara"},{"id":3504,"name":"Dahakot"},{"id":3505,"name":"Dogadi"},{"id":3506,"name":"Gotree"},{"id":3507,"name":"Gudukhati"},{"id":3508,"name":"Jagannath"},{"id":3509,"name":"Jayabageswori"},{"id":3510,"name":"Jugada"},{"id":3511,"name":"Jukot"},{"id":3512,"name":"Kailashmandau"},{"id":3513,"name":"Kanda"},{"id":3514,"name":"Kolti"},{"id":3515,"name":"Kotila"},{"id":3516,"name":"Kuldeumadau"},{"id":3517,"name":"Manakot"},{"id":3518,"name":"Martadi"},{"id":3519,"name":"Pandusain"},{"id":3520,"name":"Rugin"},{"id":3521,"name":"Sappata"},{"id":3522,"name":"Tolidewal"}]