[{"id":"0","name":"Select MUN\/VDC"},{"id":2250,"name":"Anbukhaireni"},{"id":2251,"name":"Arunodaya"},{"id":2252,"name":"Baidi"},{"id":2253,"name":"Bandipur Municipality"},{"id":2254,"name":"Barbhanjyang"},{"id":2255,"name":"Basantapur"},{"id":2256,"name":"Bhanu"},{"id":2257,"name":"Bhanumati"},{"id":2258,"name":"Bhimad"},{"id":2259,"name":"Bhirkot"},{"id":2260,"name":"Byas Municipality"},{"id":2261,"name":"Chhang"},{"id":2262,"name":"Chhimkeshwori"},{"id":2263,"name":"Chhipchhipe"},{"id":2264,"name":"Chok Chisapani"},{"id":2265,"name":"Deurali"},{"id":2266,"name":"Devghat"},{"id":2267,"name":"Firfire"},{"id":2268,"name":"Gajarkot"},{"id":2269,"name":"Ghansikuwa"},{"id":2270,"name":"Jamune Bhanjyang"},{"id":2271,"name":"Kahu Shivapur"},{"id":2272,"name":"Keshavtar"},{"id":2273,"name":"Kihun"},{"id":2274,"name":"Kota"},{"id":2275,"name":"Kotdarbar"},{"id":2276,"name":"Kyamin"},{"id":2277,"name":"Majhakot"},{"id":2278,"name":"Manpang"},{"id":2279,"name":"Mirlung"},{"id":2280,"name":"Pokhari Bhanjyang"},{"id":2281,"name":"Purkot"},{"id":2282,"name":"Raipur"},{"id":2283,"name":"Ramjakot"},{"id":2284,"name":"Ranipokhari (Resing)"},{"id":2285,"name":"Risti"},{"id":2286,"name":"Rupakot"},{"id":2287,"name":"Satiswara"},{"id":2288,"name":"Shamung Bhagawatipur"},{"id":2289,"name":"Shuklagandaki Municipality"},{"id":2290,"name":"Shymgha"},{"id":2291,"name":"Sundhara (Ghiring)"},{"id":2292,"name":"Tanahunsur"},{"id":2293,"name":"Thaprek"}]