[{"id":"0","name":"Select MUN\/VDC"},{"id":3681,"name":"Attariya Municipality"},{"id":3682,"name":"Basauti"},{"id":3683,"name":"Bhajani"},{"id":3684,"name":"Boniya"},{"id":3685,"name":"Chaumala"},{"id":3686,"name":"Darakh"},{"id":3687,"name":"Dhangadhi Municipality"},{"id":3688,"name":"Dhansinghapur"},{"id":3689,"name":"Dododhara"},{"id":3690,"name":"Durgauli"},{"id":3691,"name":"Gadariya"},{"id":3692,"name":"Godawari"},{"id":3693,"name":"Hasuliya"},{"id":3694,"name":"Janakinagar"},{"id":3695,"name":"Joshipur"},{"id":3696,"name":"Khailad"},{"id":3697,"name":"Khairala"},{"id":3698,"name":"Kota Tulsipur"},{"id":3699,"name":"Lalbojhi"},{"id":3700,"name":"Lamki-Chuha Municipality"},{"id":3701,"name":"Masuriya"},{"id":3702,"name":"Mohanyal"},{"id":3703,"name":"Munuwa"},{"id":3704,"name":"Narayanpur"},{"id":3705,"name":"Nigali"},{"id":3706,"name":"Pahalmanpur"},{"id":3707,"name":"Pandaun"},{"id":3708,"name":"Pathariya"},{"id":3709,"name":"Pawera"},{"id":3710,"name":"Phulwari"},{"id":3711,"name":"Pratapapur"},{"id":3712,"name":"Ramsikhar Jhala"},{"id":3713,"name":"Ratanpur"},{"id":3714,"name":"Sadepani"},{"id":3715,"name":"Sahajpur"},{"id":3716,"name":"Sugarkhal"},{"id":3717,"name":"Thapapur"},{"id":3718,"name":"Tikapur Municipality"},{"id":3719,"name":"Udasipur"},{"id":3720,"name":"Urma"}]