[{"id":"0","name":"Select MUN\/VDC"},{"id":2192,"name":"Archalbot"},{"id":2193,"name":"Baglungpani"},{"id":2194,"name":"Bahundanda"},{"id":2195,"name":"Bangre"},{"id":2196,"name":"Banjhakhet"},{"id":2197,"name":"Bansar"},{"id":2198,"name":"Beshisahar Municipality"},{"id":2199,"name":"Bhalayakharka"},{"id":2200,"name":"Bharte"},{"id":2201,"name":"Bhoje"},{"id":2202,"name":"Bhorletar"},{"id":2203,"name":"Bhote Odar"},{"id":2204,"name":"Bhujung"},{"id":2205,"name":"Bhulbhule"},{"id":2206,"name":"Bichaur"},{"id":2207,"name":"Chakratirtha"},{"id":2208,"name":"Chandreshwor"},{"id":2209,"name":"Chiti"},{"id":2210,"name":"Dhamilikuwa"},{"id":2211,"name":"Dhodeni"},{"id":2212,"name":"Dhuseni"},{"id":2213,"name":"Dudhpokhari"},{"id":2214,"name":"Duradanda"},{"id":2215,"name":"Faleni"},{"id":2216,"name":"Gaunda"},{"id":2217,"name":"Ghanpokhara"},{"id":2218,"name":"Ghermu"},{"id":2219,"name":"Gilunng"},{"id":2220,"name":"Hiletaksar"},{"id":2221,"name":"Ilampokhari"},{"id":2222,"name":"Ishaneshwor"},{"id":2223,"name":"Jita"},{"id":2224,"name":"Karapu"},{"id":2225,"name":"Khudi"},{"id":2226,"name":"Kolki"},{"id":2227,"name":"Kunchha"},{"id":2228,"name":"Maling"},{"id":2229,"name":"Mohoriyakot"},{"id":2230,"name":"Nalma"},{"id":2231,"name":"Nauthar"},{"id":2232,"name":"Neta"},{"id":2233,"name":"Pachok"},{"id":2234,"name":"Parewadanda"},{"id":2235,"name":"Pasagaun"},{"id":2236,"name":"Purankot"},{"id":2237,"name":"Pyarjung"},{"id":2238,"name":"Ramgha"},{"id":2239,"name":"Samibhanjyang"},{"id":2240,"name":"Shree Bhanjyang"},{"id":2241,"name":"Simpani"},{"id":2242,"name":"Sindure"},{"id":2243,"name":"Sundarbazar"},{"id":2244,"name":"Suryapal"},{"id":2245,"name":"Taghring"},{"id":2246,"name":"Tangrang Taksar"},{"id":2247,"name":"Tarku"},{"id":2248,"name":"Tarkughat"},{"id":2249,"name":"Uttar Kanya"}]