[{"id":"0","name":"Select MUN\/VDC"},{"id":2125,"name":"Aanppipal"},{"id":2126,"name":"Aaru Arbang"},{"id":2127,"name":"Aaru Chanaute"},{"id":2128,"name":"Aarupokhari"},{"id":2129,"name":"Asrang"},{"id":2130,"name":"Baguwa"},{"id":2131,"name":"Bakrang"},{"id":2132,"name":"Barpak"},{"id":2133,"name":"Bhumlichok"},{"id":2134,"name":"Bihi"},{"id":2135,"name":"Borlang"},{"id":2136,"name":"Bungkot"},{"id":2137,"name":"Chhekampar"},{"id":2138,"name":"Chhoprak"},{"id":2139,"name":"Chumchet"},{"id":2140,"name":"Chyangli"},{"id":2141,"name":"Darbung"},{"id":2142,"name":"Deurali"},{"id":2143,"name":"Dhawa"},{"id":2144,"name":"Dhunwakot"},{"id":2145,"name":"Finam"},{"id":2146,"name":"Fujel"},{"id":2147,"name":"Gaikhur"},{"id":2148,"name":"Gankhu"},{"id":2149,"name":"Ghairung"},{"id":2150,"name":"Ghyachok"},{"id":2151,"name":"Ghyalchok"},{"id":2152,"name":"Gorkha Municipality"},{"id":2153,"name":"Gumda"},{"id":2154,"name":"Hansapur"},{"id":2155,"name":"Harmi"},{"id":2156,"name":"Jaubari"},{"id":2157,"name":"Kashigaun"},{"id":2158,"name":"Kerabari"},{"id":2159,"name":"Kerauja"},{"id":2160,"name":"Kharibot"},{"id":2161,"name":"Khoplang"},{"id":2162,"name":"Laprak"},{"id":2163,"name":"Lapu"},{"id":2164,"name":"Lho"},{"id":2165,"name":"Makaising"},{"id":2166,"name":"Manakamana"},{"id":2167,"name":"Manbu"},{"id":2168,"name":"Masel"},{"id":2169,"name":"Mirkot"},{"id":2170,"name":"Muchhok"},{"id":2171,"name":"Namjung"},{"id":2172,"name":"Nareshwor"},{"id":2173,"name":"Palungtar"},{"id":2174,"name":"Panchkhuwa Deurali"},{"id":2175,"name":"Pandrung"},{"id":2176,"name":"Prok"},{"id":2177,"name":"Samagaun"},{"id":2178,"name":"Saurpani"},{"id":2179,"name":"Shreenathkot"},{"id":2180,"name":"Simjung"},{"id":2181,"name":"Sirdibas"},{"id":2182,"name":"Swara"},{"id":2183,"name":"Taklung"},{"id":2184,"name":"Takukot"},{"id":2185,"name":"Takumajh Lakuribot"},{"id":2186,"name":"Tandrang"},{"id":2187,"name":"Tanglichok"},{"id":2188,"name":"Taple"},{"id":2189,"name":"Thalajung"},{"id":2190,"name":"Thumi"},{"id":2191,"name":"Uhiya"}]