[{"id":"0","name":"Select MUN\/VDC"},{"id":3388,"name":"Badki"},{"id":3389,"name":"Birat"},{"id":3390,"name":"Bumramadichaur"},{"id":3391,"name":"Chandannath Municipality"},{"id":3392,"name":"Chhumchaur"},{"id":3393,"name":"Depalgaun"},{"id":3394,"name":"Dhapa"},{"id":3395,"name":"Dillichaur"},{"id":3396,"name":"Garjyangkot"},{"id":3397,"name":"Ghode Mahadev"},{"id":3398,"name":"Guthichaur"},{"id":3399,"name":"Hanku"},{"id":3400,"name":"Kalikakhetu"},{"id":3401,"name":"Kanakasundari"},{"id":3402,"name":"Kudari"},{"id":3403,"name":"Lamra"},{"id":3404,"name":"Mahabaipatharkhola"},{"id":3405,"name":"Malikabota"},{"id":3406,"name":"Malikathanta"},{"id":3407,"name":"Narakot"},{"id":3408,"name":"Pandawagufa"},{"id":3409,"name":"Patarasi"},{"id":3410,"name":"Patmara"},{"id":3411,"name":"Raralihi"},{"id":3412,"name":"Sanigaun"},{"id":3413,"name":"Tamti"},{"id":3414,"name":"Tatopani"}]