[{"id":"0","name":"Select MUN\/VDC"},{"id":2464,"name":"Arthar Dadakharka"},{"id":2465,"name":"Bachchha"},{"id":2466,"name":"Bahaki Thanti"},{"id":2467,"name":"Bajung"},{"id":2468,"name":"Balakot"},{"id":2469,"name":"Banou"},{"id":2470,"name":"Baskharka"},{"id":2471,"name":"Beulibas"},{"id":2472,"name":"Bhangara"},{"id":2473,"name":"Bhoksing"},{"id":2474,"name":"Bhorle"},{"id":2475,"name":"Bhuktangle"},{"id":2476,"name":"Bihadi Barachaur"},{"id":2477,"name":"Bihadi Ranipani"},{"id":2478,"name":"Chitre"},{"id":2479,"name":"Deupurkot"},{"id":2480,"name":"Deurali"},{"id":2481,"name":"Dhairing"},{"id":2482,"name":"Falamkhani"},{"id":2483,"name":"Falebas Devisthan"},{"id":2484,"name":"Fulebas Khanigaun"},{"id":2485,"name":"Hosrangdi"},{"id":2486,"name":"Huwas"},{"id":2487,"name":"Karkineta"},{"id":2488,"name":"Khaula Lakuri"},{"id":2489,"name":"Kurgha"},{"id":2490,"name":"Kushma Municipality"},{"id":2491,"name":"Kyang"},{"id":2492,"name":"Lekhfant"},{"id":2493,"name":"Limithana"},{"id":2494,"name":"Lunkhu Deurali"},{"id":2495,"name":"Majhphant Mallaj"},{"id":2496,"name":"Mudikuwa"},{"id":2497,"name":"Nagliwang"},{"id":2498,"name":"Pakhapani"},{"id":2499,"name":"Pangrang"},{"id":2500,"name":"Ramja Deurali"},{"id":2501,"name":"Saligram"},{"id":2502,"name":"Salija"},{"id":2503,"name":"Saraukhola"},{"id":2504,"name":"Shankar Pokhari"},{"id":2505,"name":"Taklak"},{"id":2506,"name":"Thana Maulo"},{"id":2507,"name":"Thapathana"},{"id":2508,"name":"Thuli Pokhari"},{"id":2509,"name":"Tilahar"},{"id":2510,"name":"Tribeni"},{"id":2511,"name":"Urampokhara"}]