[{"id":"0","name":"Select MUN\/VDC"},{"id":2833,"name":"Abhirao"},{"id":2834,"name":"Ajigara"},{"id":2835,"name":"Bahadurganj"},{"id":2836,"name":"Baidauli"},{"id":2837,"name":"Balaramwapur"},{"id":2838,"name":"Baluhawa"},{"id":2839,"name":"Banganga"},{"id":2840,"name":"Baraipur"},{"id":2841,"name":"Barkulpur"},{"id":2842,"name":"Basantapur"},{"id":2843,"name":"Baskhore"},{"id":2844,"name":"Bhagwanpur"},{"id":2845,"name":"Bhalwad"},{"id":2846,"name":"Bhalwari"},{"id":2847,"name":"Bhilmi"},{"id":2848,"name":"Bijuwa"},{"id":2849,"name":"Bithuwa"},{"id":2850,"name":"Buddhi"},{"id":2851,"name":"Dhankauli"},{"id":2852,"name":"Dharmpaniya"},{"id":2853,"name":"Dohani"},{"id":2854,"name":"Dubiya"},{"id":2855,"name":"Dumara"},{"id":2856,"name":"Fulika"},{"id":2857,"name":"Gajehada"},{"id":2858,"name":"Ganeshpur"},{"id":2859,"name":"Gauri"},{"id":2860,"name":"Gotihawa"},{"id":2861,"name":"Gugauli"},{"id":2862,"name":"Hardauna"},{"id":2863,"name":"Hariharpur"},{"id":2864,"name":"Harnampur"},{"id":2865,"name":"Hathausa"},{"id":2866,"name":"Hathihawa"},{"id":2867,"name":"Jahadi"},{"id":2868,"name":"Jayanagar"},{"id":2869,"name":"Kajarhawa"},{"id":2870,"name":"Kapilvastu Municipality"},{"id":2871,"name":"Khurhuriya"},{"id":2872,"name":"Kopawa"},{"id":2873,"name":"Krishnanagar Municipality"},{"id":2874,"name":"Kushhawa"},{"id":2875,"name":"Lalpur"},{"id":2876,"name":"Lawani"},{"id":2877,"name":"Maharajganj"},{"id":2878,"name":"Mahendrakot"},{"id":2879,"name":"Mahuwa"},{"id":2880,"name":"Manpur"},{"id":2881,"name":"Motipur"},{"id":2882,"name":"Nandanagar"},{"id":2883,"name":"Niglihawa"},{"id":2884,"name":"Pakadi"},{"id":2885,"name":"Parsohiya"},{"id":2886,"name":"Patariya"},{"id":2887,"name":"Pathardaiya"},{"id":2888,"name":"Patna"},{"id":2889,"name":"Pipara"},{"id":2890,"name":"Purushottampur"},{"id":2891,"name":"Rajpur"},{"id":2892,"name":"Ramnagar"},{"id":2893,"name":"Rangapur"},{"id":2894,"name":"Sauraha"},{"id":2895,"name":"Shivagadhi"},{"id":2896,"name":"Shivaraj Municipality"},{"id":2897,"name":"Sihokhore"},{"id":2898,"name":"Sisawa"},{"id":2899,"name":"Somdiha"},{"id":2900,"name":"Thunhiya"},{"id":2901,"name":"Tilaurakot"},{"id":2902,"name":"Titirkhi"},{"id":2903,"name":"Udayapur"},{"id":2904,"name":"Vidhyanagar"}]