[{"id":"0","name":"Select MUN\/VDC"},{"id":2941,"name":"Arkha"},{"id":2942,"name":"Badikot"},{"id":2943,"name":"Bangesal"},{"id":2944,"name":"Baraula"},{"id":2945,"name":"Barjiwang"},{"id":2946,"name":"Belwas"},{"id":2947,"name":"Bhingri"},{"id":2948,"name":"Bijuli"},{"id":2949,"name":"Chuja"},{"id":2950,"name":"Damri"},{"id":2951,"name":"Dangwang"},{"id":2952,"name":"Dharampani"},{"id":2953,"name":"Dhobaghat (Udayapur Kot)"},{"id":2954,"name":"Dhuwang"},{"id":2955,"name":"Dungegadi"},{"id":2956,"name":"Gothiwang"},{"id":2957,"name":"Hansapur"},{"id":2958,"name":"Jumrikanda"},{"id":2959,"name":"Khawang"},{"id":2960,"name":"Khung"},{"id":2961,"name":"Kochiwang"},{"id":2962,"name":"Ligha"},{"id":2963,"name":"Liwang"},{"id":2964,"name":"Lung"},{"id":2965,"name":"Majhakot"},{"id":2966,"name":"Markawang"},{"id":2967,"name":"Narikot"},{"id":2968,"name":"Naya Gaun"},{"id":2969,"name":"Okharkot"},{"id":2970,"name":"Pakala"},{"id":2971,"name":"Phopli"},{"id":2972,"name":"Puja"},{"id":2973,"name":"Pyuthan Municipality"},{"id":2974,"name":"Rajbara"},{"id":2975,"name":"Ramdi"},{"id":2976,"name":"Ruspur Kot"},{"id":2977,"name":"Sari"},{"id":2978,"name":"Swargadwarikhal"},{"id":2979,"name":"Syauliwang"},{"id":2980,"name":"Tiram"},{"id":2981,"name":"Torwang"},{"id":2982,"name":"Tusara"},{"id":2983,"name":"Wangemarot"}]