[{"id":"0","name":"Select MUN\/VDC"},{"id":541,"name":"Baku"},{"id":542,"name":"Basa"},{"id":543,"name":"Beni"},{"id":544,"name":"Bhakanje"},{"id":545,"name":"Bung"},{"id":546,"name":"Chaulakharka"},{"id":547,"name":"Chaurikharka"},{"id":548,"name":"Chheskam"},{"id":549,"name":"Deusa"},{"id":550,"name":"Garma"},{"id":551,"name":"Goli"},{"id":552,"name":"Gorakhani"},{"id":553,"name":"Gudel"},{"id":554,"name":"Jubing"},{"id":555,"name":"Jubu"},{"id":556,"name":"Kaku"},{"id":557,"name":"Kangel"},{"id":558,"name":"Kerung"},{"id":559,"name":"Khumjung"},{"id":560,"name":"Lokhim"},{"id":561,"name":"Mukali"},{"id":562,"name":"Namche"},{"id":563,"name":"Necha Batase"},{"id":564,"name":"Necha Bedghari"},{"id":565,"name":"Nele"},{"id":566,"name":"Panchan"},{"id":567,"name":"Pawai"},{"id":568,"name":"Salleri"},{"id":569,"name":"Salyan"},{"id":570,"name":"Sotang"},{"id":571,"name":"Takasindu"},{"id":572,"name":"Tamakhani"},{"id":573,"name":"Tapting"},{"id":574,"name":"Tingla"}]