[{"id":"0","name":"Select MUN\/VDC"},{"id":2572,"name":"Aaglung"},{"id":2573,"name":"Amar Arbathok"},{"id":2574,"name":"Amarpur"},{"id":2575,"name":"Anpchaur"},{"id":2576,"name":"Arbani"},{"id":2577,"name":"Arjai"},{"id":2578,"name":"Arkhawang"},{"id":2579,"name":"Arlangkot"},{"id":2580,"name":"Aslewa"},{"id":2581,"name":"Badagaun"},{"id":2582,"name":"Baletaksar"},{"id":2583,"name":"Balithum"},{"id":2584,"name":"Bamgha"},{"id":2585,"name":"Banjhakateri"},{"id":2586,"name":"Bastu"},{"id":2587,"name":"Bhanbhane"},{"id":2588,"name":"Bharse"},{"id":2589,"name":"Bhurtung"},{"id":2590,"name":"Birbas"},{"id":2591,"name":"Bisukharka"},{"id":2592,"name":"Chhapahile"},{"id":2593,"name":"Darbar Devisthan"},{"id":2594,"name":"Darlamchaur"},{"id":2595,"name":"Darling"},{"id":2596,"name":"Daungha"},{"id":2597,"name":"Dhurkot Rajasthal"},{"id":2598,"name":"Dibrung"},{"id":2599,"name":"Digam"},{"id":2600,"name":"Dohali"},{"id":2601,"name":"Foksing"},{"id":2602,"name":"Gaundakot"},{"id":2603,"name":"Ghamir"},{"id":2604,"name":"Gwadi"},{"id":2605,"name":"Gwagha"},{"id":2606,"name":"Hadahade"},{"id":2607,"name":"Hansara"},{"id":2608,"name":"Hardineta"},{"id":2609,"name":"Harewa"},{"id":2610,"name":"Harmichaur"},{"id":2611,"name":"Harrachaur"},{"id":2612,"name":"Hastichaur"},{"id":2613,"name":"Hawangdi"},{"id":2614,"name":"Hunga"},{"id":2615,"name":"Isma Rajasthal"},{"id":2616,"name":"Jaisithok"},{"id":2617,"name":"Jayakhani"},{"id":2618,"name":"Johang"},{"id":2619,"name":"Juniya"},{"id":2620,"name":"Juvung"},{"id":2621,"name":"Khadgakot"},{"id":2622,"name":"Kharjyang"},{"id":2623,"name":"Kurgha"},{"id":2624,"name":"Limgha"},{"id":2625,"name":"Malagiri"},{"id":2626,"name":"Marbhung"},{"id":2627,"name":"Musikot"},{"id":2628,"name":"Myal Pokhari"},{"id":2629,"name":"Nayagaun"},{"id":2630,"name":"Neta"},{"id":2631,"name":"Pallikot"},{"id":2632,"name":"Paralmi"},{"id":2633,"name":"Paudi Amarayee"},{"id":2634,"name":"Pipaldhara"},{"id":2635,"name":"Purkot Daha"},{"id":2636,"name":"Purtighat"},{"id":2637,"name":"Resunga Municipality"},{"id":2638,"name":"Rimuwa"},{"id":2639,"name":"Rupakot"},{"id":2640,"name":"Ruru"},{"id":2641,"name":"Shantipur"},{"id":2642,"name":"Sirseni"},{"id":2643,"name":"Thanpati"},{"id":2644,"name":"Thulo Lumpek"},{"id":2645,"name":"Turang"},{"id":2646,"name":"Wagla"},{"id":2647,"name":"Wamitaksar"}]