[{"id":"0","name":"Select MUN\/VDC"},{"id":3119,"name":"Baghmare"},{"id":3120,"name":"Bela"},{"id":3121,"name":"Bijauri"},{"id":3122,"name":"Chaulahi"},{"id":3123,"name":"Dhanauri"},{"id":3124,"name":"Dharna"},{"id":3125,"name":"Dhikpur"},{"id":3126,"name":"Duruwa"},{"id":3127,"name":"Gadhawa"},{"id":3128,"name":"Gangapraspur"},{"id":3129,"name":"Ghorahi Municipality"},{"id":3130,"name":"Gobardiya"},{"id":3131,"name":"Goltakuri"},{"id":3132,"name":"Halwar"},{"id":3133,"name":"Hansipur"},{"id":3134,"name":"Hapur"},{"id":3135,"name":"Hekuli"},{"id":3136,"name":"Kabhre"},{"id":3137,"name":"Koilabas"},{"id":3138,"name":"Lalmatiya"},{"id":3139,"name":"Laxmipur"},{"id":3140,"name":"Loharpani"},{"id":3141,"name":"Manpur"},{"id":3142,"name":"Narayanpur"},{"id":3143,"name":"Panchakule"},{"id":3144,"name":"Pawan Nagar"},{"id":3145,"name":"Phulbari"},{"id":3146,"name":"Purandhara"},{"id":3147,"name":"Rajpur"},{"id":3148,"name":"Rampur"},{"id":3149,"name":"Saidha"},{"id":3150,"name":"Satbariya"},{"id":3151,"name":"Saudiyar"},{"id":3152,"name":"Shantinagar"},{"id":3153,"name":"Shreegaun"},{"id":3154,"name":"Sisahaniya"},{"id":3155,"name":"Sonpur"},{"id":3156,"name":"Syuja"},{"id":3157,"name":"Tarigaun"},{"id":3158,"name":"Tulsipur Municipality"},{"id":3159,"name":"Urahari"}]