[{"id":"0","name":"Select MUN\/VDC"},{"id":1447,"name":"Baldthali"},{"id":1448,"name":"Balting"},{"id":1449,"name":"Baluwapati Deupur"},{"id":1450,"name":"Banakhu Chor"},{"id":1451,"name":"Banepa Municipality"},{"id":1452,"name":"Bekhsimle Ghartigaun"},{"id":1453,"name":"Bhimkhori"},{"id":1454,"name":"Bhumlutar"},{"id":1455,"name":"Birtadeurali"},{"id":1456,"name":"Bolde Fediche"},{"id":1457,"name":"Budhakhani"},{"id":1458,"name":"Chalal Ganeshsthan"},{"id":1459,"name":"Chandeni Mandan"},{"id":1460,"name":"Choubas"},{"id":1461,"name":"Chyamrangbesi"},{"id":1462,"name":"Chyasing Kharka"},{"id":1463,"name":"Dandagaun"},{"id":1464,"name":"Dapcha Chatrebhanjh"},{"id":1465,"name":"Daraune Pokhari"},{"id":1466,"name":"Devitar"},{"id":1467,"name":"Dhulikhel Municipality"},{"id":1468,"name":"Dhunkharka"},{"id":1469,"name":"Dhuseni Siwalaya"},{"id":1470,"name":"Dolalghat"},{"id":1471,"name":"Falate Bhumlu"},{"id":1472,"name":"Falemetar"},{"id":1473,"name":"Foksingtar"},{"id":1474,"name":"Gairi Bisouna Deupur"},{"id":1475,"name":"Ghartichhap"},{"id":1476,"name":"Gokule"},{"id":1477,"name":"Gothpani"},{"id":1478,"name":"Jaisithok Mandan"},{"id":1479,"name":"Jyamdi Mandan"},{"id":1480,"name":"Kalati Bhumidanda"},{"id":1481,"name":"Kanpur Kalapani"},{"id":1482,"name":"Katike Deurali"},{"id":1483,"name":"Katunje Besi"},{"id":1484,"name":"Kavre Nitya Chandeswor"},{"id":1485,"name":"Khahare Pangu"},{"id":1486,"name":"Khanalthok"},{"id":1487,"name":"Kharelthok"},{"id":1488,"name":"Kharpachok"},{"id":1489,"name":"Kolati Bhumlu"},{"id":1490,"name":"Koshidekha"},{"id":1491,"name":"Kuruwas Chapakhori"},{"id":1492,"name":"Kushadevi"},{"id":1493,"name":"Machchhegaun"},{"id":1494,"name":"Madan Kundari"},{"id":1495,"name":"Mahadevsthan Mandan"},{"id":1496,"name":"Mahadevtar"},{"id":1497,"name":"Mahankal Chaur"},{"id":1498,"name":"Mahendra Jyoti"},{"id":1499,"name":"Majhi Feda"},{"id":1500,"name":"Mangaltar"},{"id":1501,"name":"Mathurapati Fulbari"},{"id":1502,"name":"Methinkot"},{"id":1503,"name":"Milche"},{"id":1504,"name":"Nagre Gagarche"},{"id":1505,"name":"Nasikasthan Sanga"},{"id":1506,"name":"Nayagaun Deupur"},{"id":1507,"name":"Panauti Municipality"},{"id":1508,"name":"Panchkhal Municipality"},{"id":1509,"name":"Patalekhet"},{"id":1510,"name":"Pokhari Chauri"},{"id":1511,"name":"Pokhari Narayansthan"},{"id":1512,"name":"Puranogaun Dapcha"},{"id":1513,"name":"Ravi Opi"},{"id":1514,"name":"Ryale"},{"id":1515,"name":"Saldhara"},{"id":1516,"name":"Salle Bhumlu"},{"id":1517,"name":"Salmechakala (Taldhunga)"},{"id":1518,"name":"Sankhupati Chour"},{"id":1519,"name":"Sanowangthali"},{"id":1520,"name":"Saping"},{"id":1521,"name":"Sarada Batase"},{"id":1522,"name":"Saramthali"},{"id":1523,"name":"Sarasyunkhark"},{"id":1524,"name":"Sikhar Ambote"},{"id":1525,"name":"Simalchour Syampati"},{"id":1526,"name":"Simthali"},{"id":1527,"name":"Sipali Chilaune"},{"id":1528,"name":"Sisakhani"},{"id":1529,"name":"Thulo Parsel"},{"id":1530,"name":"Tukucha Nala"},{"id":1531,"name":"Ugrachandi Nala"},{"id":1532,"name":"Ugratara Janagal"}]