[{"id":"0","name":"Select MUN\/VDC"},{"id":3035,"name":"Aathbisdandagaun"},{"id":3036,"name":"Aathbiskot"},{"id":3037,"name":"Arma"},{"id":3038,"name":"Banfikot"},{"id":3039,"name":"Bhalakcha"},{"id":3040,"name":"Bijayaswori"},{"id":3041,"name":"Chaukhawang"},{"id":3042,"name":"Chhiwang"},{"id":3043,"name":"Chunwang"},{"id":3044,"name":"Duli"},{"id":3045,"name":"Garayala"},{"id":3046,"name":"Ghetma"},{"id":3047,"name":"Gotamkot"},{"id":3048,"name":"Hukam"},{"id":3049,"name":"Jang"},{"id":3050,"name":"Jhula"},{"id":3051,"name":"Kanda"},{"id":3052,"name":"Kankri"},{"id":3053,"name":"Khalanga"},{"id":3054,"name":"Khara"},{"id":3055,"name":"Kholagaun"},{"id":3056,"name":"Kol"},{"id":3057,"name":"Kotjahari"},{"id":3058,"name":"Magma"},{"id":3059,"name":"Mahat"},{"id":3060,"name":"Morawang"},{"id":3061,"name":"Muru"},{"id":3062,"name":"Nuwakot"},{"id":3063,"name":"Peugha"},{"id":3064,"name":"Pipal"},{"id":3065,"name":"Pokhara"},{"id":3066,"name":"Purtimkanda"},{"id":3067,"name":"Pwang"},{"id":3068,"name":"Rangsi"},{"id":3069,"name":"Ranmamaikot"},{"id":3070,"name":"Rugha"},{"id":3071,"name":"Rukumkot"},{"id":3072,"name":"Sankha"},{"id":3073,"name":"Simli"},{"id":3074,"name":"Sisne"},{"id":3075,"name":"Syalakhadi"},{"id":3076,"name":"Syalapakha"},{"id":3077,"name":"Taksera"}]