[{"id":"0","name":"Select MUN\/VDC"},{"id":3160,"name":"Bageswari"},{"id":3161,"name":"Baijapur"},{"id":3162,"name":"Bankatawa"},{"id":3163,"name":"Bankatti"},{"id":3164,"name":"Basudevpur"},{"id":3165,"name":"Belahari"},{"id":3166,"name":"Belbhar"},{"id":3167,"name":"Betahani"},{"id":3168,"name":"Bhabaniyapur"},{"id":3169,"name":"Binauna"},{"id":3170,"name":"Chisapani"},{"id":3171,"name":"Ganapur"},{"id":3172,"name":"Gangapur"},{"id":3173,"name":"Hirminiya"},{"id":3174,"name":"Holiya"},{"id":3175,"name":"Indrapur"},{"id":3176,"name":"Jaispur"},{"id":3177,"name":"Kachanapur"},{"id":3178,"name":"Kalaphanta"},{"id":3179,"name":"Kamdi"},{"id":3180,"name":"Katkuiya"},{"id":3181,"name":"Khajurakhurda"},{"id":3182,"name":"Khaskarkando"},{"id":3183,"name":"Khaskusma"},{"id":3184,"name":"Kohalpur Municipality"},{"id":3185,"name":"Laxmanpur"},{"id":3186,"name":"Mahadevpuri"},{"id":3187,"name":"Manikapur"},{"id":3188,"name":"Matehiya"},{"id":3189,"name":"Narainapur"},{"id":3190,"name":"Naubasta"},{"id":3191,"name":"Nepalgunj Municipality"},{"id":3192,"name":"Paraspur"},{"id":3193,"name":"Phattepur"},{"id":3194,"name":"Piprahawa"},{"id":3195,"name":"Puraina"},{"id":3196,"name":"Puraini"},{"id":3197,"name":"Radhapur"},{"id":3198,"name":"Raniyapur"},{"id":3199,"name":"Saigaun"},{"id":3200,"name":"Samserganj"},{"id":3201,"name":"Sitapur"},{"id":3202,"name":"Sonpur"},{"id":3203,"name":"Titihiriya"},{"id":3204,"name":"Udayapur"},{"id":3205,"name":"Udharapur"}]