[{"id":"0","name":"Select MUN\/VDC"},{"id":3335,"name":"Archhani"},{"id":3336,"name":"Bhagawati Tol"},{"id":3337,"name":"Bhoor"},{"id":3338,"name":"Daha"},{"id":3339,"name":"Dandagaun"},{"id":3340,"name":"Dasera"},{"id":3341,"name":"Dhime"},{"id":3342,"name":"Garkhakot"},{"id":3343,"name":"Jagatipur"},{"id":3344,"name":"Jhapra"},{"id":3345,"name":"Junga Thapachaur"},{"id":3346,"name":"Karkigaun"},{"id":3347,"name":"Khagenkot"},{"id":3348,"name":"Khalanga"},{"id":3349,"name":"Kortrang"},{"id":3350,"name":"Lahai"},{"id":3351,"name":"Majhakot"},{"id":3352,"name":"Nayakwada"},{"id":3353,"name":"Paink"},{"id":3354,"name":"Pajaru"},{"id":3355,"name":"Punama"},{"id":3356,"name":"Ragda"},{"id":3357,"name":"Ramidanda"},{"id":3358,"name":"Rokayagaun"},{"id":3359,"name":"Sakala"},{"id":3360,"name":"Salma"},{"id":3361,"name":"Sima"},{"id":3362,"name":"Suwanauli"},{"id":3363,"name":"Talegaun"},{"id":3364,"name":"Thala Raikar"}]