[{"id":"0","name":"Select MUN\/VDC"},{"id":2294,"name":"Alamadevi"},{"id":2295,"name":"Arjun Chaupari"},{"id":2296,"name":"Aruchaur"},{"id":2297,"name":"Arukharka"},{"id":2298,"name":"Bagefadke"},{"id":2299,"name":"Bahakot"},{"id":2300,"name":"Bangsing Deurali"},{"id":2301,"name":"Benethok Deurali"},{"id":2302,"name":"Bhatkhola"},{"id":2303,"name":"Bichari Chautara"},{"id":2304,"name":"Birgha"},{"id":2305,"name":"Biruwa Archale"},{"id":2306,"name":"Chandi Bhanjyang"},{"id":2307,"name":"Chapakot Municipality"},{"id":2308,"name":"Chhangchhangdi"},{"id":2309,"name":"Chilaunebas"},{"id":2310,"name":"Chinnebas"},{"id":2311,"name":"Chitre Bhanjyang"},{"id":2312,"name":"Darau"},{"id":2313,"name":"Darsing Dahathum"},{"id":2314,"name":"Dhapuk Simal Bhanjyang"},{"id":2315,"name":"Faparthum"},{"id":2316,"name":"Fedikhola"},{"id":2317,"name":"Jagat Bhanjyang"},{"id":2318,"name":"Jagatradevi"},{"id":2319,"name":"Kalikakot"},{"id":2320,"name":"Keware Bhanjyang"},{"id":2321,"name":"Khilung Deurali"},{"id":2322,"name":"Kichanash"},{"id":2323,"name":"Kolma Barahachaur"},{"id":2324,"name":"Kyakmi"},{"id":2325,"name":"Magyam Chisapani"},{"id":2326,"name":"Majhakot Sivalaya"},{"id":2327,"name":"Malunga"},{"id":2328,"name":"Malyangkot"},{"id":2329,"name":"Manakamana"},{"id":2330,"name":"Nibuwakharka"},{"id":2331,"name":"Oraste"},{"id":2332,"name":"Pakwadi"},{"id":2333,"name":"Panchamul"},{"id":2334,"name":"Pauwegaude"},{"id":2335,"name":"Pelakot"},{"id":2336,"name":"Pelkachaur"},{"id":2337,"name":"Pidikhola"},{"id":2338,"name":"Putalibazar Municipality"},{"id":2339,"name":"Rangvang"},{"id":2340,"name":"Rapakot"},{"id":2341,"name":"Sakhar"},{"id":2342,"name":"Sekham"},{"id":2343,"name":"Setidobhan"},{"id":2344,"name":"Shreekrishna Gandaki"},{"id":2345,"name":"Sirsekot"},{"id":2346,"name":"Sworek"},{"id":2347,"name":"Taksar"},{"id":2348,"name":"Thuladihi"},{"id":2349,"name":"Thumpokhara"},{"id":2350,"name":"Tindobate"},{"id":2351,"name":"Tulsibhanjyang"},{"id":2352,"name":"Waling Municipality"},{"id":2353,"name":"Yaladi"}]