[{"id":"0","name":"Select MUN\/VDC"},{"id":575,"name":"Baksa"},{"id":576,"name":"Balakhu"},{"id":577,"name":"Baruneshwor"},{"id":578,"name":"Betini"},{"id":579,"name":"Bhadaure"},{"id":580,"name":"Bhussinga"},{"id":581,"name":"Bigutar"},{"id":582,"name":"Bilandu"},{"id":583,"name":"Chyanam"},{"id":584,"name":"Diyale"},{"id":585,"name":"Fediguth"},{"id":586,"name":"Fulbari"},{"id":587,"name":"Gamnangtar"},{"id":588,"name":"Harkapur"},{"id":589,"name":"Jantarkhani"},{"id":590,"name":"Kalikadevi"},{"id":591,"name":"Katunje"},{"id":592,"name":"Ketuke"},{"id":593,"name":"Khigikati"},{"id":594,"name":"Khiji Chandeshwori"},{"id":595,"name":"Khijifalate"},{"id":596,"name":"Kuibhir"},{"id":597,"name":"Kuntadevi"},{"id":598,"name":"Madhavpur"},{"id":599,"name":"Mamkha"},{"id":600,"name":"Manebhanjyang"},{"id":601,"name":"Moli"},{"id":602,"name":"Mulkharka"},{"id":603,"name":"Narmedeshwor"},{"id":604,"name":"Palapu"},{"id":605,"name":"Palte"},{"id":606,"name":"Pokali"},{"id":607,"name":"Pokhare"},{"id":608,"name":"Prapcha"},{"id":609,"name":"Ragadeep"},{"id":610,"name":"Ragani"},{"id":611,"name":"Raniban"},{"id":612,"name":"Ratmata"},{"id":613,"name":"Rawadolu"},{"id":614,"name":"Serna"},{"id":615,"name":"Shreechaur"},{"id":616,"name":"Siddhicharan Municipality"},{"id":617,"name":"Singhadevi"},{"id":618,"name":"Sisneri"},{"id":619,"name":"Taluwa"},{"id":620,"name":"Tarkerabari"},{"id":621,"name":"Thakle"},{"id":622,"name":"Thulachhap"},{"id":623,"name":"Toksel"},{"id":624,"name":"Ubu"},{"id":625,"name":"Yasam"}]