[{"id":"0","name":"Select MUN\/VDC"},{"id":1575,"name":"Bageswori"},{"id":1576,"name":"Balkot"},{"id":1577,"name":"Bhaktapur Municipality"},{"id":1578,"name":"Changunarayan"},{"id":1579,"name":"Chhaling"},{"id":1580,"name":"Chitapol"},{"id":1581,"name":"Dadhikot"},{"id":1582,"name":"Duwakot"},{"id":1583,"name":"Gundu"},{"id":1584,"name":"Jhaukhel"},{"id":1585,"name":"Kautunje"},{"id":1586,"name":"Madhyapur Thimi Municipality"},{"id":1587,"name":"Nagarkot"},{"id":1588,"name":"Nankhel"},{"id":1589,"name":"Sipadol"},{"id":1590,"name":"Sirutar"},{"id":1591,"name":"Sudal"},{"id":1592,"name":"Tathali"}]