[{"id":"0","name":"Select MUN\/VDC"},{"id":231,"name":"Bahundangi"},{"id":232,"name":"Baigundhura"},{"id":233,"name":"Balubadi"},{"id":234,"name":"Baniyani"},{"id":235,"name":"Bhadrapur Municipality"},{"id":236,"name":"Birtamod Municipality"},{"id":237,"name":"Budhabare"},{"id":238,"name":"Chakchaki"},{"id":239,"name":"Chandragadhi"},{"id":240,"name":"Damak Municipality"},{"id":241,"name":"Dangibari"},{"id":242,"name":"Dhaijan"},{"id":243,"name":"Dharampur"},{"id":244,"name":"Duwagadhi"},{"id":245,"name":"Garamani"},{"id":246,"name":"Gauradaha"},{"id":247,"name":"Gauriganj"},{"id":248,"name":"Gherabari"},{"id":249,"name":"Goldhap"},{"id":250,"name":"Haldibari"},{"id":251,"name":"Jalthal"},{"id":252,"name":"Juropani"},{"id":253,"name":"Jyamirgadhi"},{"id":254,"name":"Kankai Municipality"},{"id":255,"name":"Kechana"},{"id":256,"name":"Khajurgachhi"},{"id":257,"name":"Khudunabari"},{"id":258,"name":"Kohabara"},{"id":259,"name":"Korobari"},{"id":260,"name":"Kumarkhod"},{"id":261,"name":"Lakhanpur"},{"id":262,"name":"Mahabhara"},{"id":263,"name":"Maharanijhoda"},{"id":264,"name":"Maheshpur"},{"id":265,"name":"Mechinagar Municipality"},{"id":266,"name":"Panchgachhi"},{"id":267,"name":"Pathamari"},{"id":268,"name":"Pathariya"},{"id":269,"name":"Prithivinagar"},{"id":270,"name":"Rajgadh"},{"id":271,"name":"Satasidham"},{"id":272,"name":"Shani-Arjun Municipality"},{"id":273,"name":"Shantinagar"},{"id":274,"name":"Sharanamati"},{"id":275,"name":"Shivaganj"},{"id":276,"name":"Taghandubba"},{"id":277,"name":"Topgachhi"}]