[{"id":"0","name":"Select MUN\/VDC"},{"id":3821,"name":"Api Municipality"},{"id":3822,"name":"Bhagabati"},{"id":3823,"name":"Boharigau"},{"id":3824,"name":"Byash"},{"id":3825,"name":"Dadakot"},{"id":3826,"name":"Dattu"},{"id":3827,"name":"Dethala"},{"id":3828,"name":"Dhari"},{"id":3829,"name":"Dhaulakot"},{"id":3830,"name":"Dhuligada"},{"id":3831,"name":"Eyarkot"},{"id":3832,"name":"Ghusa"},{"id":3833,"name":"Gokuleswor"},{"id":3834,"name":"Guljar"},{"id":3835,"name":"Gwani"},{"id":3836,"name":"Hikila"},{"id":3837,"name":"Hunainath"},{"id":3838,"name":"Huti"},{"id":3839,"name":"Khandeswori"},{"id":3840,"name":"Khar"},{"id":3841,"name":"Kharkada"},{"id":3842,"name":"Lali"},{"id":3843,"name":"Latinath"},{"id":3844,"name":"Malikarjun"},{"id":3845,"name":"Pipalchauri"},{"id":3846,"name":"Ranisikhar"},{"id":3847,"name":"Rapla"},{"id":3848,"name":"Rithachaupata"},{"id":3849,"name":"Sankarpur"},{"id":3850,"name":"Seri"},{"id":3851,"name":"Sharmauli"},{"id":3852,"name":"Sikhar"},{"id":3853,"name":"Sipti"},{"id":3854,"name":"Sitaula"},{"id":3855,"name":"Sunsera"},{"id":3856,"name":"Tapoban"},{"id":3857,"name":"Uku"}]