[{"id":"0","name":"Select MUN\/VDC"},{"id":3415,"name":"Badalkot"},{"id":3416,"name":"Chhapre"},{"id":3417,"name":"Chilkhaya"},{"id":3418,"name":"Dahafatgaun"},{"id":3419,"name":"Dholagohe"},{"id":3420,"name":"Gela"},{"id":3421,"name":"Jubitha"},{"id":3422,"name":"Kheen"},{"id":3423,"name":"Kotbada"},{"id":3424,"name":"Kumalgaun"},{"id":3425,"name":"Lalu"},{"id":3426,"name":"Malkot"},{"id":3427,"name":"Manma"},{"id":3428,"name":"Marta"},{"id":3429,"name":"Mehal Mudi"},{"id":3430,"name":"Mugraha"},{"id":3431,"name":"Mumrakot"},{"id":3432,"name":"Nanikot"},{"id":3433,"name":"Odanaku"},{"id":3434,"name":"Pakha"},{"id":3435,"name":"Phoi Mahadev"},{"id":3436,"name":"Phukot"},{"id":3437,"name":"Raku"},{"id":3438,"name":"Ramanakot"},{"id":3439,"name":"Ranchuli"},{"id":3440,"name":"Rupsa"},{"id":3441,"name":"Sipkhana"},{"id":3442,"name":"Siuna"},{"id":3443,"name":"Sukataya"},{"id":3444,"name":"Thirpu"}]