[{"id":"0","name":"Select MUN\/VDC"},{"id":1042,"name":"Anakar"},{"id":1043,"name":"Aurahi"},{"id":1044,"name":"Badiya Banchauri"},{"id":1045,"name":"Bagada"},{"id":1046,"name":"Bairgiya Laxminiya"},{"id":1047,"name":"Balawa"},{"id":1048,"name":"Banauli Donauli"},{"id":1049,"name":"Banouta"},{"id":1050,"name":"Bardibas"},{"id":1051,"name":"Basabitti"},{"id":1052,"name":"Bathanaha"},{"id":1053,"name":"Belgachhi"},{"id":1054,"name":"Bharatpur"},{"id":1055,"name":"Bhatauliya"},{"id":1056,"name":"Bijayalpura"},{"id":1057,"name":"Bramarpura"},{"id":1058,"name":"Damhimarayee"},{"id":1059,"name":"Dhamaura"},{"id":1060,"name":"Dharmapur"},{"id":1061,"name":"Dhirapur"},{"id":1062,"name":"Ekadarabela"},{"id":1063,"name":"Ekarahiya"},{"id":1064,"name":"Etaharwakatti"},{"id":1065,"name":"Fulahatta Parikauli"},{"id":1066,"name":"Fulakaha"},{"id":1067,"name":"Gaidha Bhetpur"},{"id":1068,"name":"Gauribas"},{"id":1069,"name":"Gaushala Municipality"},{"id":1070,"name":"Gonarpura"},{"id":1071,"name":"Halkhori"},{"id":1072,"name":"Hariharpur Harinamari"},{"id":1073,"name":"Hathilet"},{"id":1074,"name":"Hatisarwa"},{"id":1075,"name":"Jaleshwor Municipality"},{"id":1076,"name":"Khairbanni"},{"id":1077,"name":"Khayar Mara"},{"id":1078,"name":"Khopi"},{"id":1079,"name":"Khuttapiparadhi"},{"id":1080,"name":"Kisan Nagar"},{"id":1081,"name":"Kolhuwa Bagaicha"},{"id":1082,"name":"Laximiniya"},{"id":1083,"name":"Loharpatti"},{"id":1084,"name":"Mahadaiyatapanpur"},{"id":1085,"name":"Mahottari"},{"id":1086,"name":"Maisthan"},{"id":1087,"name":"Majhora Bishnupur"},{"id":1088,"name":"Manara"},{"id":1089,"name":"Matihani"},{"id":1090,"name":"Meghanath Gorahanna"},{"id":1091,"name":"Nainhi"},{"id":1092,"name":"Paraul"},{"id":1093,"name":"Parsa Dewadh"},{"id":1094,"name":"Parsa Pateli"},{"id":1095,"name":"Pasupatinagar"},{"id":1096,"name":"Pigouna"},{"id":1097,"name":"Pipra"},{"id":1098,"name":"Pokharibhinda Samgrampur"},{"id":1099,"name":"Raghunathpur"},{"id":1100,"name":"Ramgopalpur"},{"id":1101,"name":"Ratauli"},{"id":1102,"name":"Sahasaula"},{"id":1103,"name":"Sahorawa"},{"id":1104,"name":"Sandha"},{"id":1105,"name":"Sarpallo"},{"id":1106,"name":"Shamsi"},{"id":1107,"name":"Shreepur"},{"id":1108,"name":"Simardahi"},{"id":1109,"name":"Singyahi"},{"id":1110,"name":"Sisawakataiya"},{"id":1111,"name":"Sonama"},{"id":1112,"name":"Sonamai"},{"id":1113,"name":"Sonaul"},{"id":1114,"name":"Suga Vawani"},{"id":1115,"name":"Sundarpur"},{"id":1116,"name":"Vagaha"}]