[{"id":"0","name":"Select MUN\/VDC"},{"id":3758,"name":"Amchaur"},{"id":3759,"name":"Basantapur"},{"id":3760,"name":"Basuling"},{"id":3761,"name":"Bhatana"},{"id":3762,"name":"Bhumeswor"},{"id":3763,"name":"Bijayapur"},{"id":3764,"name":"Bisalpur"},{"id":3765,"name":"Bumiraj"},{"id":3766,"name":"Chaukham"},{"id":3767,"name":"Dasharathchanda Municipality"},{"id":3768,"name":"Dehimandau"},{"id":3769,"name":"Deulek"},{"id":3770,"name":"Dhikarim\/Rim"},{"id":3771,"name":"Dhikasintad\/Sitad"},{"id":3772,"name":"Dhungad"},{"id":3773,"name":"Dilasaini"},{"id":3774,"name":"Durga Bhabani"},{"id":3775,"name":"Durgasthan"},{"id":3776,"name":"Gajari"},{"id":3777,"name":"Giregada"},{"id":3778,"name":"Gokuleswor"},{"id":3779,"name":"Gujar"},{"id":3780,"name":"Gurukhola"},{"id":3781,"name":"Gwallek"},{"id":3782,"name":"Hat"},{"id":3783,"name":"Hatairaj"},{"id":3784,"name":"Kailpal"},{"id":3785,"name":"Kataujpani"},{"id":3786,"name":"Kotila"},{"id":3787,"name":"Kotpetara"},{"id":3788,"name":"Kulau"},{"id":3789,"name":"Kuwakot"},{"id":3790,"name":"Mahadevsthan"},{"id":3791,"name":"Mahakali"},{"id":3792,"name":"Maharudra"},{"id":3793,"name":"Malladehi"},{"id":3794,"name":"Mathairaj"},{"id":3795,"name":"Maunali"},{"id":3796,"name":"Melauli"},{"id":3797,"name":"Nagarjun"},{"id":3798,"name":"Nwadeu"},{"id":3799,"name":"Nwali"},{"id":3800,"name":"Pancheswor"},{"id":3801,"name":"Patan"},{"id":3802,"name":"Raudidewal"},{"id":3803,"name":"Rauleswor"},{"id":3804,"name":"Rudreswor"},{"id":3805,"name":"Sakar"},{"id":3806,"name":"Salena"},{"id":3807,"name":"Sarmali"},{"id":3808,"name":"Shankarpur"},{"id":3809,"name":"Shibanath"},{"id":3810,"name":"Shikharpur"},{"id":3811,"name":"Shivaling"},{"id":3812,"name":"Siddhapur"},{"id":3813,"name":"Siddheswor"},{"id":3814,"name":"Sigash"},{"id":3815,"name":"Silanga"},{"id":3816,"name":"Sree Kedar"},{"id":3817,"name":"Sreekot"},{"id":3818,"name":"Talladehi"},{"id":3819,"name":"Thalakanda"},{"id":3820,"name":"Udayadeb"}]