[{"id":"0","name":"Select MUN\/VDC"},{"id":1714,"name":"Bhorle"},{"id":1715,"name":"Bridhim"},{"id":1716,"name":"Chilime"},{"id":1717,"name":"Dandagoun"},{"id":1718,"name":"Dhaibung"},{"id":1719,"name":"Dhunche"},{"id":1720,"name":"Gatlang"},{"id":1721,"name":"Goljung"},{"id":1722,"name":"Haku"},{"id":1723,"name":"Laharepouwa"},{"id":1724,"name":"Langtang"},{"id":1725,"name":"Ramche"},{"id":1726,"name":"Saramthali"},{"id":1727,"name":"Syafru"},{"id":1728,"name":"Thulogoun"},{"id":1729,"name":"Thuman"},{"id":1730,"name":"Timure"},{"id":1731,"name":"Yarsa"}]