[{"id":"0","name":"Select MUN\/VDC"},{"id":3206,"name":"Baganaha"},{"id":3207,"name":"Baniyabhar"},{"id":3208,"name":"Belawa"},{"id":3209,"name":"Deudakala"},{"id":3210,"name":"Dhadhawar"},{"id":3211,"name":"Dhodhari"},{"id":3212,"name":"Gola"},{"id":3213,"name":"Gulariya Municipality"},{"id":3214,"name":"Jamuni"},{"id":3215,"name":"Kalika"},{"id":3216,"name":"Khairi Chandanpur"},{"id":3217,"name":"Magaragadi"},{"id":3218,"name":"Mahamadpur"},{"id":3219,"name":"Manau"},{"id":3220,"name":"Manpur Mainapokhar"},{"id":3221,"name":"Motipur"},{"id":3222,"name":"Neulapur"},{"id":3223,"name":"Padanaha"},{"id":3224,"name":"Pasupatinagar"},{"id":3225,"name":"Patabhar"},{"id":3226,"name":"Rajapur Municipality"},{"id":3227,"name":"Sanoshree"},{"id":3228,"name":"Sivapur"},{"id":3229,"name":"Sorhawa"},{"id":3230,"name":"Suryapatawa"},{"id":3231,"name":"Taratal"},{"id":3232,"name":"Thakudwara"}]