[{"id":"0","name":"Select MUN\/VDC"},{"id":2984,"name":"Aresh"},{"id":2985,"name":"Badachaur"},{"id":2986,"name":"Bhabang"},{"id":2987,"name":"Budagaun"},{"id":2988,"name":"Dhawang"},{"id":2989,"name":"Dubidanda"},{"id":2990,"name":"Dubring"},{"id":2991,"name":"Eriwang"},{"id":2992,"name":"Fagaam"},{"id":2993,"name":"Gaam"},{"id":2994,"name":"Gairigaun"},{"id":2995,"name":"Gajul"},{"id":2996,"name":"Gharti Gaun"},{"id":2997,"name":"Ghodagaun"},{"id":2998,"name":"Gumchal"},{"id":2999,"name":"Harjang"},{"id":3000,"name":"Hwama"},{"id":3001,"name":"Jailwang"},{"id":3002,"name":"Jaimakasala"},{"id":3003,"name":"Jangkot"},{"id":3004,"name":"Jaulipokhari"},{"id":3005,"name":"Jedwang"},{"id":3006,"name":"Jhenam"},{"id":3007,"name":"Jinabang"},{"id":3008,"name":"Jungar"},{"id":3009,"name":"Kareti"},{"id":3010,"name":"Khumel"},{"id":3011,"name":"Khungri"},{"id":3012,"name":"Korchabang"},{"id":3013,"name":"Kotgaun"},{"id":3014,"name":"Kureli"},{"id":3015,"name":"Liwang"},{"id":3016,"name":"Masina"},{"id":3017,"name":"Mijhing"},{"id":3018,"name":"Mirul"},{"id":3019,"name":"Nuwagaun"},{"id":3020,"name":"Pachhabang"},{"id":3021,"name":"Pakhapani"},{"id":3022,"name":"Pang"},{"id":3023,"name":"Rangkot"},{"id":3024,"name":"Rangsi"},{"id":3025,"name":"Rank"},{"id":3026,"name":"Sakhi"},{"id":3027,"name":"Seram"},{"id":3028,"name":"Sirpa"},{"id":3029,"name":"Siuri"},{"id":3030,"name":"Talabang"},{"id":3031,"name":"Tewang"},{"id":3032,"name":"Thabang"},{"id":3033,"name":"Uwa"},{"id":3034,"name":"Wot"}]